data point,x,y,voltage,current,move number,flag
1,10500.0,10000.0,4.9997,-9.524e-09,0,0
2,10500.0,10000.0,5.00018,1.1387e-08,0,0
3,10500.0,10000.0,4.99968,-7.871e-09,0,0
4,10500.0,10000.0,5.00003,7.865e-09,0,0
5,10500.0,10000.0,4.99967,-4.515e-09,0,0
6,10500.0,10000.0,-0.00057,2.99988e-07,0,0
7,10500.0,10000.0,-0.00054,2.99988e-07,1,0
8,10500.0,10000.0,-0.0006,2.99988e-07,1,0
9,10500.0,10000.0,-0.00052,2.99987e-07,1,0
10,10500.0,10000.0,-0.00056,2.99985e-07,1,0
11,10500.0,10000.0,-0.00037,2.99988e-07,1,0
12,10500.0,10000.0,-0.00082,2.99988e-07,1,0
13,10500.0,10000.0,-0.00046,2.99988e-07,1,0
14,10500.0,10000.0,-0.00074,2.99988e-07,1,0
15,10499.6,10020.0,-0.00037,2.99987e-07,2,0
16,10499.6,10020.0,-0.00073,2.99987e-07,2,0
17,10499.6,10020.0,-0.0004,2.99988e-07,2,0
18,10499.6,10020.0,-0.00067,2.99986e-07,2,0
19,10499.6,10020.0,-0.0004,2.99985e-07,2,0
20,10499.6,10020.0,-0.00057,2.99989e-07,2,0
21,10499.6,10020.0,-0.00044,2.99988e-07,2,0
22,10499.6,10020.0,-0.00059,2.99987e-07,2,0
23,10498.4,10040.0,-0.00035,2.99988e-07,3,0
24,10498.4,10040.0,-0.00051,2.99986e-07,3,0
25,10498.4,10040.0,-0.0005,2.99986e-07,3,0
26,10498.4,10040.0,-0.00036,2.99987e-07,3,0
27,10498.4,10040.0,-0.00043,2.99986e-07,3,0
28,10498.4,10040.0,-0.00051,2.99986e-07,3,0
29,10498.4,10040.0,-0.00044,2.99986e-07,3,0
30,10498.4,10040.0,-0.00034,2.99988e-07,3,0
31,10496.4,10059.8,-0.00054,2.99986e-07,4,0
32,10496.4,10059.8,-0.00037,2.99986e-07,4,0
33,10496.4,10059.8,-0.00038,2.99986e-07,4,0
34,10496.4,10059.8,-0.00061,2.99986e-07,4,0
35,10496.4,10059.8,-0.00031,2.99986e-07,4,0
36,10496.4,10059.8,-0.00044,2.99988e-07,4,0
37,10496.4,10059.8,-0.00062,2.99987e-07,4,0
38,10493.6,10079.599999999999,-0.00042,2.99988e-07,5,0
39,10493.6,10079.599999999999,-0.00062,2.99985e-07,5,0
40,10493.6,10079.599999999999,-0.00028,2.99988e-07,5,0
41,10493.6,10079.599999999999,-0.00245,2.99785e-07,5,0
42,10493.6,10079.599999999999,4.99958,2.5522e-08,5,0
43,10493.6,10079.599999999999,-0.00073,2.99987e-07,5,0
44,10493.6,10079.599999999999,-0.00039,2.99986e-07,5,0
45,10493.6,10079.599999999999,5.00016,1.8717e-08,5,0
46,10490.0,10099.399999999998,4.99977,1.5564e-08,6,0
47,10490.0,10099.399999999998,4.9994,-1.0514e-08,6,0
48,10490.0,10099.399999999998,5.00002,-2.2024e-08,6,0
49,10490.0,10099.399999999998,5.00017,1.8015e-08,6,0
50,10490.0,10099.399999999998,4.99975,1.1271e-08,6,0
51,10490.0,10099.399999999998,4.99966,-1.334e-08,6,0
52,10490.0,10099.399999999998,5.00013,-1.2567e-08,6,0
53,10485.6,10118.999999999998,5.00008,2.0814e-08,7,0
54,10485.6,10118.999999999998,4.99976,8.459e-09,7,0
55,10485.6,10118.999999999998,4.99969,-1.6939e-08,7,0
56,10485.6,10118.999999999998,5.00033,-1.1727e-08,7,0
57,10485.6,10118.999999999998,5.00007,1.9707e-08,7,0
58,10485.6,10118.999999999998,4.99956,9.019e-09,7,0
59,10485.6,10118.999999999998,4.99973,-1.3299e-08,7,0
60,10485.6,10118.999999999998,5.0002,-8.555e-09,7,0
61,10480.6,10138.199999999999,4.99995,2.2575e-08,8,0
62,10480.6,10138.199999999999,4.99963,4.655e-09,8,0
63,10480.6,10138.199999999999,4.99987,-1.883e-08,8,0
64,10480.6,10138.199999999999,5.00023,-2.653e-09,8,0
65,10480.6,10138.199999999999,4.99972,2.327e-08,8,0
66,10480.6,10138.199999999999,4.9996,-5.24e-10,8,0
67,10480.6,10138.199999999999,4.99974,-1.8386e-08,8,0
68,10480.6,10138.199999999999,5.00018,3.238e-09,8,0
69,10474.6,10138.199999999999,4.99949,1.9214e-08,8,0
70,10474.6,10157.4,4.99958,-3.501e-09,9,0
71,10474.6,10157.4,4.99974,-2.0682e-08,9,0
72,10474.6,10157.4,5.00026,5.388e-09,9,0
73,10474.6,10157.4,4.99957,1.6513e-08,9,0
74,10474.6,10157.4,4.99977,-1.0336e-08,9,0
75,10474.6,10157.4,4.99995,-2.2647e-08,9,0
76,10474.6,10157.4,5.0001,1.3846e-08,9,0
77,10474.6,10157.4,4.99971,1.2439e-08,9,0
78,10474.6,10157.4,4.99955,-1.1295e-08,9,0
79,10468.0,10176.199999999999,5.00008,-2.1735e-08,10,0
80,10468.0,10176.199999999999,5.0002,1.5744e-08,10,0
81,10468.0,10176.199999999999,4.99983,1.5194e-08,10,0
82,10468.0,10176.199999999999,4.9996,-1.9492e-08,10,0
83,10468.0,10176.199999999999,5.00035,-1.7226e-08,10,0
84,10468.0,10176.199999999999,5.00008,1.8432e-08,10,0
85,10468.0,10176.199999999999,4.9997,9.095e-09,10,0
86,10460.4,10176.199999999999,4.9997,-1.7004e-08,10,0
87,10460.4,10194.8,5.00022,-1.1445e-08,11,0
88,10460.4,10194.8,5.00009,2.3879e-08,11,0
89,10460.4,10194.8,4.99963,9.254e-09,11,0
90,10460.4,10194.8,4.99969,-1.8462e-08,11,0
91,10460.4,10194.8,5.00005,-4.227e-09,11,0
92,10460.4,10194.8,4.99982,2.5457e-08,11,0
93,10460.4,10194.8,4.99961,2.56e-09,11,0
94,10452.4,10213.0,4.9997,-2.2017e-08,12,0
95,10452.4,10213.0,5.00026,7.554e-09,12,0
96,10452.4,10213.0,4.99969,2.0256e-08,12,0
97,10452.4,10213.0,4.99963,-3.698e-09,12,0
98,10452.4,10213.0,4.99972,-2.4208e-08,12,0
99,10452.4,10213.0,5.00018,6.125e-09,12,0
100,10452.4,10213.0,4.99954,1.7922e-08,12,0
101,10452.4,10213.0,4.99968,-4.032e-09,12,0
102,10443.4,10231.0,4.99984,-2.4549e-08,13,0
103,10443.4,10231.0,4.9997,7.996e-09,13,0
104,10443.4,10231.0,4.9997,1.2314e-08,13,0
105,10443.4,10231.0,4.99956,-1.1542e-08,13,0
106,10443.4,10231.0,5.00004,-2.0186e-08,13,0
107,10443.4,10231.0,5.00003,1.4041e-08,13,0
108,10443.4,10231.0,4.9998,1.1023e-08,13,0
109,10433.8,10248.6,4.99959,-1.4433e-08,14,0
110,10433.8,10248.6,5.00008,-1.7893e-08,14,0
111,10433.8,10248.6,4.99999,1.9472e-08,14,0
112,10433.8,10248.6,4.99974,9.96e-09,14,0
113,10433.8,10248.6,4.99973,-1.4631e-08,14,0
114,10433.8,10248.6,5.0003,-1.1381e-08,14,0
115,10433.8,10248.6,5.00004,2.1857e-08,14,0
116,10423.599999999999,10265.800000000001,4.99925,9.418e-09,15,0
117,10423.599999999999,10265.800000000001,4.99975,-1.5838e-08,15,0
118,10423.599999999999,10265.800000000001,5.00017,-7.39e-09,15,0
119,10423.599999999999,10265.800000000001,4.99996,2.3658e-08,15,0
120,10423.599999999999,10265.800000000001,4.99965,7.919e-09,15,0
121,10423.599999999999,10265.800000000001,4.99972,-1.8378e-08,15,0
122,10423.599999999999,10265.800000000001,5.00035,5.7e-10,15,0
123,10412.599999999999,10282.400000000001,4.99983,2.4765e-08,16,0
124,10412.599999999999,10282.400000000001,4.99969,1.375e-09,16,0
125,10412.599999999999,10282.400000000001,4.99984,-1.8391e-08,16,0
126,10412.599999999999,10282.400000000001,5.00021,1.692e-09,16,0
127,10412.599999999999,10282.400000000001,4.99963,2.1271e-08,16,0
128,10412.599999999999,10282.400000000001,4.9996,-3.685e-09,16,0
129,10400.999999999998,10298.800000000001,4.99974,-1.9323e-08,17,0
130,10400.999999999998,10298.800000000001,5.00017,6.349e-09,17,0
131,10400.999999999998,10298.800000000001,4.99954,1.7929e-08,17,0
132,10400.999999999998,10298.800000000001,4.99951,-3.248e-09,17,0
133,10400.999999999998,10298.800000000001,4.99993,-2.0482e-08,17,0
134,10400.999999999998,10298.800000000001,5.00006,1.2198e-08,17,0
135,10400.999999999998,10298.800000000001,4.9997,1.5048e-08,17,0
136,10388.599999999999,10314.6,4.99958,-9.105e-09,18,0
137,10388.599999999999,10314.6,5.00024,-1.509e-08,18,0
138,10388.599999999999,10314.6,5.00012,1.5246e-08,18,0
139,10388.599999999999,10314.6,4.99977,1.1814e-08,18,0
140,10388.599999999999,10314.6,4.99966,-1.5636e-08,18,0
141,10388.599999999999,10314.6,5.00018,-1.3426e-08,18,0
142,10375.8,10329.800000000001,5.00008,1.8798e-08,19,0
143,10375.8,10329.800000000001,4.99977,7.749e-09,19,0
144,10375.8,10329.800000000001,4.99964,-1.4511e-08,19,0
145,10375.8,10329.800000000001,5.00025,-3.052e-09,19,0
146,10375.8,10329.800000000001,5.00003,1.9515e-08,19,0
147,10375.8,10329.800000000001,4.9997,1.0064e-08,19,0
148,10375.8,10329.800000000001,4.99983,-1.5747e-08,19,0
149,10362.199999999999,10344.6,5.00013,-9.351e-09,20,0
150,10362.199999999999,10344.6,4.99993,2.3259e-08,20,0
151,10362.199999999999,10344.6,4.99975,2.87e-09,20,0
152,10362.199999999999,10344.6,4.99979,-1.6036e-08,20,0
153,10362.199999999999,10344.6,5.00008,-2.099e-09,20,0
154,10362.199999999999,10344.6,4.99971,2.4482e-08,20,0
155,10348.199999999999,10358.800000000001,4.99965,-1.903e-09,21,0
156,10348.199999999999,10358.800000000001,4.99973,-1.9274e-08,21,0
157,10348.199999999999,10358.800000000001,5.00008,3.54e-09,21,0
158,10348.199999999999,10358.800000000001,4.99953,1.6036e-08,21,0
159,10348.199999999999,10358.800000000001,4.99968,-4.91e-09,21,0
160,10348.199999999999,10358.800000000001,4.99969,-2.2548e-08,21,0
161,10348.199999999999,10358.800000000001,5.00005,5.94e-09,21,0
162,10333.599999999999,10372.400000000001,4.99973,1.4023e-08,22,0
163,10333.599999999999,10372.400000000001,4.99969,-1.18e-08,22,0
164,10333.599999999999,10372.400000000001,5.00006,-1.9812e-08,22,0
165,10333.599999999999,10372.400000000001,5.00017,1.8734e-08,22,0
166,10333.599999999999,10372.400000000001,4.99977,1.2664e-08,22,0
167,10333.599999999999,10372.400000000001,4.99951,-1.1536e-08,22,0
168,10318.399999999998,10372.400000000001,5.00016,-1.6982e-08,22,0
169,10318.399999999998,10385.600000000002,5.00015,1.9754e-08,23,0
170,10318.399999999998,10385.600000000002,4.99977,1.0211e-08,23,0
171,10318.399999999998,10385.600000000002,4.99974,-1.6535e-08,23,0
172,10318.399999999998,10385.600000000002,5.0002,-1.2183e-08,23,0
173,10318.399999999998,10385.600000000002,5.0001,2.0664e-08,23,0
174,10318.399999999998,10385.600000000002,4.99948,9.836e-09,23,0
175,10302.799999999997,10398.000000000002,4.99974,-1.8335e-08,24,0
176,10302.799999999997,10398.000000000002,5.00085,7.3722e-08,24,0
177,10302.799999999997,10398.000000000002,5.0,2.0016e-08,24,0
178,10302.799999999997,10398.000000000002,4.99965,3.763e-09,24,0
179,10302.799999999997,10398.000000000002,4.9998,-1.7254e-08,24,0
180,10302.799999999997,10398.000000000002,5.00009,-1.986e-09,24,0
181,10302.799999999997,10398.000000000002,4.99977,2.2925e-08,24,0
182,10286.599999999997,10409.800000000001,4.99967,-1.339e-09,25,0
183,10286.599999999997,10409.800000000001,4.99975,-1.8113e-08,25,0
184,10286.599999999997,10409.800000000001,5.00017,8.349e-09,25,0
185,10286.599999999997,10409.800000000001,4.99961,1.8768e-08,25,0
186,10286.599999999997,10409.800000000001,4.9996,-2.176e-09,25,0
187,10286.599999999997,10409.800000000001,4.99972,-2.2305e-08,25,0
188,10269.999999999996,10409.800000000001,5.00007,5.658e-09,25,0
189,10269.999999999996,10420.800000000001,4.99959,1.5526e-08,26,0
190,10269.999999999996,10420.800000000001,4.99963,-1.0946e-08,26,0
191,10269.999999999996,10420.800000000001,5.00003,-1.7981e-08,26,0
192,10269.999999999996,10420.800000000001,5.00015,9.19e-09,26,0
193,10269.999999999996,10420.800000000001,4.99983,1.1249e-08,26,0
194,10269.999999999996,10420.800000000001,4.99959,-1.3778e-08,26,0
195,10252.799999999996,10431.400000000001,5.00009,-1.8206e-08,27,0
196,10252.799999999996,10431.400000000001,5.00013,1.7931e-08,27,0
197,10252.799999999996,10431.400000000001,4.99979,1.1641e-08,27,0
198,10252.799999999996,10431.400000000001,4.99972,-1.3295e-08,27,0
199,10252.799999999996,10431.400000000001,5.00021,-1.1918e-08,27,0
200,10252.799999999996,10431.400000000001,5.00006,1.9547e-08,27,0
201,10252.799999999996,10431.400000000001,4.99975,9.8e-09,27,0
202,10235.399999999996,10441.2,4.99984,-1.5206e-08,28,0
203,10235.399999999996,10441.2,5.00011,-1.065e-08,28,0
204,10235.399999999996,10441.2,5.0,2.6244e-08,28,0
205,10235.399999999996,10441.2,4.99958,3.69e-09,28,0
206,10235.399999999996,10441.2,4.99974,-1.7205e-08,28,0
207,10235.399999999996,10441.2,5.00026,-2.825e-09,28,0
208,10235.399999999996,10441.2,4.99977,2.3344e-08,28,0
209,10217.599999999997,10450.2,4.99962,-1.027e-09,29,0
210,10217.599999999997,10450.2,4.99972,-2.0357e-08,29,0
211,10217.599999999997,10450.2,5.00025,4.221e-09,29,0
212,10217.599999999997,10450.2,4.99958,1.8247e-08,29,0
213,10217.599999999997,10450.2,4.99965,-2.063e-09,29,0
214,10217.599999999997,10450.2,4.99975,-2.0329e-08,29,0
215,10217.599999999997,10450.2,5.00004,7.634e-09,29,0
216,10199.399999999996,10450.2,4.99967,1.1797e-08,29,0
217,10199.399999999996,10458.6,4.99968,-8.474e-09,30,0
218,10199.399999999996,10458.6,4.99997,-2.1905e-08,30,0
219,10199.399999999996,10458.6,5.00019,9.691e-09,30,0
220,10199.399999999996,10458.6,4.99975,1.1541e-08,30,0
221,10199.399999999996,10458.6,4.99953,-1.0845e-08,30,0
222,10199.399999999996,10458.6,5.00008,-1.815e-08,30,0
223,10180.799999999996,10466.2,5.00015,1.9033e-08,31,0
224,10180.799999999996,10466.2,4.99978,1.2559e-08,31,0
225,10180.799999999996,10466.2,4.99951,-1.407e-08,31,0
226,10180.799999999996,10466.2,5.00009,-1.9056e-08,31,0
227,10180.799999999996,10466.2,5.00006,1.7788e-08,31,0
228,10180.799999999996,10466.2,4.9997,8.098e-09,31,0
229,10180.799999999996,10466.2,4.99976,-1.6297e-08,31,0
230,10180.799999999996,10466.2,5.00028,-5.463e-09,31,0
231,10180.799999999996,10466.2,4.99995,2.3223e-08,31,0
232,10180.799999999996,10466.2,4.99963,9.022e-09,31,0
233,10162.199999999995,10473.0,4.99978,-1.7574e-08,32,0
234,10162.199999999995,10473.0,5.00018,-5.467e-09,32,0
235,10162.199999999995,10473.0,4.99995,2.3125e-08,32,0
236,10162.199999999995,10473.0,4.99975,1.731e-09,32,0
237,10162.199999999995,10473.0,4.99972,-1.5585e-08,32,0
238,10162.199999999995,10473.0,5.0001,-1.74e-09,32,0
239,10162.199999999995,10473.0,4.99971,2.0542e-08,32,0
240,10162.199999999995,10473.0,4.99965,-4.106e-09,32,0
241,10162.199999999995,10473.0,4.99988,-1.8899e-08,32,0
242,10142.999999999995,10479.2,5.00016,9.24e-09,33,0
243,10142.999999999995,10479.2,4.99964,1.6321e-08,33,0
244,10142.999999999995,10479.2,4.99955,-7.382e-09,33,0
245,10142.999999999995,10479.2,4.99994,-2.1312e-08,33,0
246,10142.999999999995,10479.2,5.0,7.379e-09,33,0
247,10142.999999999995,10479.2,4.99974,1.4218e-08,33,0
248,10142.999999999995,10479.2,4.99978,-8.586e-09,33,0
249,10142.999999999995,10479.2,5.00008,-1.9509e-08,33,0
250,10142.999999999995,10479.2,5.00025,1.176e-08,33,0
251,10123.799999999994,10484.400000000001,4.99974,1.048e-08,34,0
252,10123.799999999994,10484.400000000001,4.99965,-1.2349e-08,34,0
253,10123.799999999994,10484.400000000001,5.00013,-1.4672e-08,34,0
254,10123.799999999994,10484.400000000001,5.00009,1.8251e-08,34,0
255,10123.799999999994,10484.400000000001,4.99978,1.1281e-08,34,0
256,10123.799999999994,10484.400000000001,4.99972,-1.4625e-08,34,0
257,10123.799999999994,10484.400000000001,5.00033,-9.357e-09,34,0
258,10123.799999999994,10484.400000000001,5.00007,2.2757e-08,34,0
259,10104.199999999993,10489.000000000002,4.99964,8.252e-09,35,0
260,10104.199999999993,10489.000000000002,4.99991,-1.5703e-08,35,0
261,10104.199999999993,10489.000000000002,5.00003,-6.739e-09,35,0
262,10104.199999999993,10489.000000000002,4.99999,2.375e-08,35,0
263,10104.199999999993,10489.000000000002,4.99953,6.794e-09,35,0
264,10104.199999999993,10489.000000000002,4.9998,-1.8903e-08,35,0
265,10104.199999999993,10489.000000000002,5.00014,-3.721e-09,35,0
266,10084.599999999993,10492.800000000001,4.99969,2.1559e-08,36,0
267,10084.599999999993,10492.800000000001,4.9995,-1.981e-09,36,0
268,10084.599999999993,10492.800000000001,4.99974,-1.728e-08,36,0
269,10084.599999999993,10492.800000000001,5.00022,2.848e-09,36,0
270,10084.599999999993,10492.800000000001,4.99942,1.558e-08,36,0
271,10084.599999999993,10492.800000000001,4.99957,-5.474e-09,36,0
272,10084.599999999993,10492.800000000001,4.9998,-2.0327e-08,36,0
273,10064.799999999994,10492.800000000001,5.00005,9.454e-09,36,0
274,10064.799999999994,10495.800000000001,4.99965,1.3656e-08,37,0
275,10064.799999999994,10495.800000000001,4.99954,-8.457e-09,37,0
276,10064.799999999994,10495.800000000001,4.99994,-2.0013e-08,37,0
277,10064.799999999994,10495.800000000001,5.00021,1.4695e-08,37,0
278,10064.799999999994,10495.800000000001,4.99979,1.3942e-08,37,0
279,10064.799999999994,10495.800000000001,4.99963,-1.043e-08,37,0
280,10064.799999999994,10495.800000000001,5.0002,-1.6676e-08,37,0
281,10044.999999999995,10498.000000000002,5.00005,1.733e-08,38,0
282,10044.999999999995,10498.000000000002,4.9997,9.197e-09,38,0
283,10044.999999999995,10498.000000000002,4.99973,-1.6246e-08,38,0
284,10044.999999999995,10498.000000000002,5.00026,-1.1662e-08,38,0
285,10044.999999999995,10498.000000000002,5.00008,2.1172e-08,38,0
286,10044.999999999995,10498.000000000002,4.99974,8.212e-09,38,0
287,10044.999999999995,10498.000000000002,4.99984,-1.6616e-08,38,0
288,10024.999999999995,10499.400000000001,5.00014,-6.091e-09,39,0
289,10024.999999999995,10499.400000000001,4.99999,2.3936e-08,39,0
290,10024.999999999995,10499.400000000001,4.99962,-3.24e-10,39,0
291,10024.999999999995,10499.400000000001,4.99974,-2.0348e-08,39,0
292,10024.999999999995,10499.400000000001,5.00006,9.8e-10,39,0
293,10024.999999999995,10499.400000000001,4.99976,2.1595e-08,39,0
294,10024.999999999995,10499.400000000001,4.9996,4.12e-10,39,0
295,10004.999999999995,10500.000000000002,4.9998,-1.6873e-08,40,0
296,10004.999999999995,10500.000000000002,5.00017,4.336e-09,40,0
297,10004.999999999995,10500.000000000002,4.9996,1.6694e-08,40,0
298,10004.999999999995,10500.000000000002,4.99967,-4.281e-09,40,0
299,10004.999999999995,10500.000000000002,4.99987,-2.1324e-08,40,0
300,10004.999999999995,10500.000000000002,5.00014,8.824e-09,40,0
301,10004.999999999995,10500.000000000002,4.99969,1.4155e-08,40,0
302,10004.999999999995,10500.000000000002,4.99957,-9.516e-09,40,0
303,9984.999999999995,10499.800000000001,5.00001,-2.042e-08,41,0
304,9984.999999999995,10499.800000000001,5.00023,1.4604e-08,41,0
305,9984.999999999995,10499.800000000001,4.99983,1.2824e-08,41,0
306,9984.999999999995,10499.800000000001,4.99963,-1.3641e-08,41,0
307,9984.999999999995,10499.800000000001,5.00012,-1.4325e-08,41,0
308,9984.999999999995,10499.800000000001,5.00001,1.9838e-08,41,0
309,9984.999999999995,10499.800000000001,4.99981,1.1474e-08,41,0
310,9964.999999999995,10499.800000000001,4.99982,-1.5939e-08,41,0
311,9964.999999999995,10498.800000000001,5.00033,-1.2596e-08,42,0
312,9964.999999999995,10498.800000000001,5.00012,2.0016e-08,42,0
313,9964.999999999995,10498.800000000001,4.9997,1.2101e-08,42,0
314,9964.999999999995,10498.800000000001,4.99978,-1.752e-08,42,0
315,9964.999999999995,10498.800000000001,5.00026,-5.711e-09,42,0
316,9964.999999999995,10498.800000000001,4.99996,2.2768e-08,42,0
317,9964.999999999995,10498.800000000001,4.99962,5.608e-09,42,0
318,9964.999999999995,10498.800000000001,4.99975,-1.9301e-08,42,0
319,9944.999999999995,10497.000000000002,5.0002,-3.037e-09,43,0
320,9944.999999999995,10497.000000000002,4.99971,2.0341e-08,43,0
321,9944.999999999995,10497.000000000002,4.99958,-1.2335e-08,43,0
322,9944.999999999995,10497.000000000002,4.99989,-1.9358e-08,43,0
323,9944.999999999995,10497.000000000002,5.00021,7.233e-09,43,0
324,9944.999999999995,10497.000000000002,4.99959,1.6113e-08,43,0
325,9944.999999999995,10497.000000000002,4.9996,-5.191e-09,43,0
326,9925.199999999995,10494.400000000001,4.99994,-1.9193e-08,44,0
327,9925.199999999995,10494.400000000001,5.00018,9.924e-09,44,0
328,9925.199999999995,10494.400000000001,4.99976,1.1658e-08,44,0
329,9925.199999999995,10494.400000000001,4.99959,-8.205e-09,44,0
330,9925.199999999995,10494.400000000001,5.00014,-1.8182e-08,44,0
331,9925.199999999995,10494.400000000001,5.00022,1.3919e-08,44,0
332,9925.199999999995,10494.400000000001,4.99986,8.118e-09,44,0
333,9905.599999999995,10491.000000000002,4.99961,-1.7135e-08,45,0
334,9905.599999999995,10491.000000000002,5.0002,-1.2068e-08,45,0
335,9905.599999999995,10491.000000000002,5.0,1.9062e-08,45,0
336,9905.599999999995,10491.000000000002,4.99983,6.542e-09,45,0
337,9905.599999999995,10491.000000000002,4.99963,-1.4279e-08,45,0
338,9905.599999999995,10491.000000000002,5.00019,-8.118e-09,45,0
339,9905.599999999995,10491.000000000002,5.00017,1.994e-08,45,0
340,9885.999999999995,10491.000000000002,4.99962,7.564e-09,45,0
341,9885.999999999995,10486.800000000001,4.99977,-1.8076e-08,46,0
342,9885.999999999995,10486.800000000001,5.00022,-5.43e-09,46,0
343,9885.999999999995,10486.800000000001,4.9998,2.2327e-08,46,0
344,9885.999999999995,10486.800000000001,4.99958,2.354e-09,46,0
345,9885.999999999995,10486.800000000001,4.99978,-1.6604e-08,46,0
346,9885.999999999995,10486.800000000001,5.00021,1.965e-09,46,0
347,9885.999999999995,10486.800000000001,4.99968,2.1935e-08,46,0
348,9885.999999999995,10486.800000000001,4.99967,-5.161e-09,46,0
349,9866.599999999995,10481.800000000001,4.99985,-2.1091e-08,47,0
350,9866.599999999995,10481.800000000001,5.00037,5.26e-09,47,0
351,9866.599999999995,10481.800000000001,4.99962,1.4892e-08,47,0
352,9866.599999999995,10481.800000000001,4.9998,-2.047e-09,47,0
353,9866.599999999995,10481.800000000001,4.99994,-2.0822e-08,47,0
354,9866.599999999995,10481.800000000001,5.00001,9.765e-09,47,0
355,9866.599999999995,10481.800000000001,4.99984,1.224e-08,47,0
356,9866.599999999995,10481.800000000001,4.9996,-7.763e-09,47,0
357,9847.399999999994,10476.2,5.0,-2.2738e-08,48,0
358,9847.399999999994,10476.2,4.99997,1.3363e-08,48,0
359,9847.399999999994,10476.2,4.99968,1.1715e-08,48,0
360,9847.399999999994,10476.2,4.99979,-1.7399e-08,48,0
361,9847.399999999994,10476.2,5.00018,-1.443e-08,48,0
362,9847.399999999994,10476.2,5.00008,2.0933e-08,48,0
363,9847.399999999994,10476.2,4.99972,1.0642e-08,48,0
364,9847.399999999994,10476.2,4.99973,-1.4598e-08,48,0
365,9847.399999999994,10476.2,5.00024,-8.415e-09,48,0
366,9828.399999999994,10469.6,5.00005,2.1753e-08,49,0
367,9828.399999999994,10469.6,4.9996,8.122e-09,49,0
368,9828.399999999994,10469.6,4.99967,-1.7722e-08,49,0
369,9828.399999999994,10469.6,5.00026,-2.521e-09,49,0
370,9828.399999999994,10469.6,4.99985,2.184e-08,49,0
371,9828.399999999994,10469.6,4.99956,1.316e-09,49,0
372,9828.399999999994,10469.6,4.99983,-1.9315e-08,49,0
373,9809.799999999994,10469.6,5.00016,1.53e-09,49,0
374,9809.799999999994,10462.4,4.99966,2.04e-08,50,0
375,9809.799999999994,10462.4,4.99972,-1.379e-09,50,0
376,9809.799999999994,10462.4,4.9997,-2.1152e-08,50,0
377,9809.799999999994,10462.4,5.00019,8.669e-09,50,0
378,9809.799999999994,10462.4,4.99954,1.5981e-08,50,0
379,9809.799999999994,10462.4,4.99958,-5.193e-09,50,0
380,9791.399999999994,10454.4,5.00003,-1.8108e-08,51,0
381,9791.399999999994,10454.4,5.00001,8.597e-09,51,0
382,9791.399999999994,10454.4,4.99973,1.3614e-08,51,0
383,9791.399999999994,10454.4,4.99964,-1.4115e-08,51,0
384,9791.399999999994,10454.4,5.0001,-1.6549e-08,51,0
385,9791.399999999994,10454.4,5.00015,1.585e-08,51,0
386,9791.399999999994,10454.4,4.99977,9.192e-09,51,0
387,9773.399999999994,10445.8,4.99975,-1.2032e-08,52,0
388,9773.399999999994,10445.8,5.00016,-1.3739e-08,52,0
389,9773.399999999994,10445.8,5.00021,1.7685e-08,52,0
390,9773.399999999994,10445.8,4.99969,7.69e-09,52,0
391,9773.399999999994,10445.8,4.99979,-1.3768e-08,52,0
392,9773.399999999994,10445.8,5.00019,-7.122e-09,52,0
393,9773.399999999994,10445.8,4.99998,2.1054e-08,52,0
394,9773.399999999994,10445.8,4.99971,6.697e-09,52,0
395,9755.799999999994,10436.4,4.99985,-1.7365e-08,53,0
396,9755.799999999994,10436.4,5.00015,-2.007e-09,53,0
397,9755.799999999994,10436.4,4.9997,2.137e-08,53,0
398,9755.799999999994,10436.4,4.99968,-1.805e-09,53,0
399,9755.799999999994,10436.4,4.99969,-2.0723e-08,53,0
400,9755.799999999994,10436.4,5.00016,5.039e-09,53,0
401,9755.799999999994,10436.4,4.99964,1.545e-08,53,0
402,9738.599999999993,10426.199999999999,4.9997,-4.111e-09,54,0
403,9738.599999999993,10426.199999999999,4.99964,-1.6458e-08,54,0
404,9738.599999999993,10426.199999999999,5.00016,6.45e-09,54,0
405,9738.599999999993,10426.199999999999,4.99962,1.7071e-08,54,0
406,9738.599999999993,10426.199999999999,4.99963,-1.0326e-08,54,0
407,9738.599999999993,10426.199999999999,4.99995,-2.0111e-08,54,0
408,9738.599999999993,10426.199999999999,5.00022,1.6846e-08,54,0
409,9721.599999999993,10415.4,4.99992,1.504e-08,55,0
410,9721.599999999993,10415.4,4.99969,-1.0734e-08,55,0
411,9721.599999999993,10415.4,5.00008,-1.5943e-08,55,0
412,9721.599999999993,10415.4,5.00007,1.6041e-08,55,0
413,9721.599999999993,10415.4,4.99973,1.0836e-08,55,0
414,9721.599999999993,10415.4,4.99981,-1.4591e-08,55,0
415,9705.199999999993,10404.0,5.00014,-8.475e-09,56,0
416,9705.199999999993,10404.0,5.00013,2.2446e-08,56,0
417,9705.199999999993,10404.0,4.9996,4.174e-09,56,0
418,9705.199999999993,10404.0,4.99972,-1.7385e-08,56,0
419,9705.199999999993,10404.0,-0.00032,2.99986e-07,56,0
420,9705.199999999993,10404.0,-0.00013,2.99988e-07,56,0
421,9705.199999999993,10404.0,-0.00026,2.99986e-07,56,0
422,9689.399999999994,10391.8,-0.00021,2.99985e-07,57,0
423,9689.399999999994,10391.8,-0.0005,2.99987e-07,57,0
424,9689.399999999994,10391.8,-0.00016,2.99987e-07,57,0
425,9689.399999999994,10391.8,-0.00035,2.99987e-07,57,0
426,9689.399999999994,10391.8,-0.00029,2.99985e-07,57,0
427,9689.399999999994,10391.8,-0.00023,2.99987e-07,57,0
428,9673.999999999995,10379.0,-0.00033,2.99987e-07,58,0
429,9673.999999999995,10379.0,-0.00069,2.99984e-07,58,0
430,9673.999999999995,10379.0,-0.00029,2.99987e-07,58,0
431,9673.999999999995,10379.0,-0.00076,2.99986e-07,58,0
432,9673.999999999995,10379.0,-0.00036,2.99987e-07,58,0
433,9673.999999999995,10379.0,-0.00054,2.99986e-07,58,0
434,9673.999999999995,10379.0,-0.00027,2.99987e-07,58,0
435,9658.999999999995,10365.8,-0.00054,2.99985e-07,59,0
436,9658.999999999995,10365.8,-0.00036,2.99987e-07,59,0
437,9658.999999999995,10365.8,-0.00037,2.99986e-07,59,0
438,9658.999999999995,10365.8,-0.00036,2.99986e-07,59,0
439,9658.999999999995,10365.8,-0.00064,2.99986e-07,59,0
440,9658.999999999995,10365.8,-5e-05,2.99987e-07,59,0
441,9644.599999999995,10351.8,-0.00024,2.99988e-07,60,0
442,9644.599999999995,10351.8,-0.00027,2.99986e-07,60,0
443,9644.599999999995,10351.8,-0.00043,2.99987e-07,60,0
444,9644.599999999995,10351.8,-0.00029,2.99988e-07,60,0
445,9644.599999999995,10351.8,-0.00044,2.99987e-07,60,0
446,9644.599999999995,10351.8,-0.00025,2.99987e-07,60,0
447,9644.599999999995,10351.8,-0.00024,2.99987e-07,60,0
448,9630.799999999996,10337.199999999999,-0.00033,2.99986e-07,61,0
449,9630.799999999996,10337.199999999999,-0.0002,2.99986e-07,61,0
450,9630.799999999996,10337.199999999999,-0.0003,2.99987e-07,61,0
451,9630.799999999996,10337.199999999999,-0.00027,2.99987e-07,61,0
452,9630.799999999996,10337.199999999999,-0.0005,2.99986e-07,61,0
453,9630.799999999996,10337.199999999999,-0.00017,2.99987e-07,61,0
454,9630.799999999996,10337.199999999999,-0.00048,2.99986e-07,61,0
455,9617.599999999995,10322.199999999999,-0.0003,2.99988e-07,62,0
456,9617.599999999995,10322.199999999999,-0.00061,2.99986e-07,62,0
457,9617.599999999995,10322.199999999999,-0.00027,2.99987e-07,62,0
458,9617.599999999995,10322.199999999999,-0.00073,2.99987e-07,62,0
459,9617.599999999995,10322.199999999999,-0.00026,2.99987e-07,62,0
460,9617.599999999995,10322.199999999999,-0.00069,2.99988e-07,62,0
461,9605.199999999995,10306.599999999999,-0.00033,2.99987e-07,63,0
462,9605.199999999995,10306.599999999999,-0.00057,2.99987e-07,63,0
463,9605.199999999995,10306.599999999999,-0.00035,2.99988e-07,63,0
464,9605.199999999995,10306.599999999999,-0.00046,2.99987e-07,63,0
465,9605.199999999995,10306.599999999999,-0.00048,2.99986e-07,63,0
466,9605.199999999995,10306.599999999999,-0.00061,2.99987e-07,63,0
467,9605.199999999995,10306.599999999999,-0.00034,2.99987e-07,63,0
468,9593.199999999995,10290.599999999999,-0.00037,2.99987e-07,64,0
469,9593.199999999995,10290.599999999999,-0.00029,2.99987e-07,64,0
470,9593.199999999995,10290.599999999999,-0.00025,2.99988e-07,64,0
471,9593.199999999995,10290.599999999999,-0.00028,2.99986e-07,64,0
472,9593.199999999995,10290.599999999999,-0.00021,2.99982e-07,64,0
473,9593.199999999995,10290.599999999999,5.00022,-3.911e-09,64,0
474,9593.199999999995,10290.599999999999,4.99989,2.4941e-08,64,0
475,9581.799999999996,10274.199999999999,4.99953,3.223e-09,65,0
476,9581.799999999996,10274.199999999999,-0.0003,2.99986e-07,65,0
477,9581.799999999996,10274.199999999999,-0.00047,2.99985e-07,65,0
478,9581.799999999996,10274.199999999999,-0.00041,2.99987e-07,65,0
479,9581.799999999996,10274.199999999999,-0.0005,2.99985e-07,65,0
480,9581.799999999996,10274.199999999999,-0.00024,2.99986e-07,65,0
481,9571.199999999995,10274.199999999999,-0.00064,2.99986e-07,65,0
482,9571.199999999995,10257.199999999999,-0.00044,2.99987e-07,66,0
483,9571.199999999995,10257.199999999999,-0.00055,2.99987e-07,66,0
484,9571.199999999995,10257.199999999999,4.99995,-1.8958e-08,66,0
485,9571.199999999995,10257.199999999999,5.0002,1.3314e-08,66,0
486,9571.199999999995,10257.199999999999,4.99984,1.386e-08,66,0
487,9571.199999999995,10257.199999999999,4.99967,-1.0406e-08,66,0
488,9561.199999999995,10239.8,5.00006,-1.6311e-08,67,0
489,9561.199999999995,10239.8,5.00016,1.5679e-08,67,0
490,9561.199999999995,10239.8,4.9998,9.154e-09,67,0
491,9561.199999999995,10239.8,4.99978,-1.4227e-08,67,0
492,9561.199999999995,10239.8,5.00012,-1.2005e-08,67,0
493,9561.199999999995,10239.8,5.0001,1.8965e-08,67,0
494,9561.199999999995,10239.8,4.99985,1.1563e-08,67,0
495,9551.999999999995,10222.0,4.99988,-1.499e-08,68,0
496,9551.999999999995,10222.0,5.00007,-6.404e-09,68,0
497,9551.999999999995,10222.0,4.99994,2.7083e-08,68,0
498,9551.999999999995,10222.0,4.99963,6.52e-09,68,0
499,9551.999999999995,10222.0,4.99982,-1.8693e-08,68,0
500,9551.999999999995,10222.0,5.00007,-2.067e-09,68,0
501,9551.999999999995,10222.0,4.99976,2.2945e-08,68,0
502,9551.999999999995,10222.0,4.99958,5.43e-09,68,0
503,9543.399999999994,10204.0,4.99976,-1.9374e-08,69,0
504,9543.399999999994,10204.0,5.00007,8.385e-09,69,0
505,9543.399999999994,10204.0,4.99957,1.9011e-08,69,0
506,9543.399999999994,10204.0,4.99962,-2.391e-09,69,0
507,9543.399999999994,10204.0,4.99982,-2.2058e-08,69,0
508,9543.399999999994,10204.0,5.0001,8.721e-09,69,0
509,9543.399999999994,10204.0,4.99967,1.316e-08,69,0
510,9535.799999999994,10185.6,4.99963,-7.097e-09,70,0
511,9535.799999999994,10185.6,4.99992,-2.3627e-08,70,0
512,9535.799999999994,10185.6,5.00021,1.356e-08,70,0
513,9535.799999999994,10185.6,4.99977,9.61e-09,70,0
514,9535.799999999994,10185.6,4.99966,-1.5647e-08,70,0
515,9535.799999999994,10185.6,5.00015,-1.3827e-08,70,0
516,9535.799999999994,10185.6,5.00009,1.7571e-08,70,0
517,9528.599999999993,10166.800000000001,4.99976,1.077e-08,71,0
518,9528.599999999993,10166.800000000001,4.99971,-1.5128e-08,71,0
519,9528.599999999993,10166.800000000001,5.00017,-9.569e-09,71,0
520,9528.599999999993,10166.800000000001,5.00021,2.178e-08,71,0
521,9528.599999999993,10166.800000000001,4.99959,5.331e-09,71,0
522,9528.599999999993,10166.800000000001,4.99977,-1.9306e-08,71,0
523,9528.599999999993,10166.800000000001,5.00021,-8.864e-09,71,0
524,9528.599999999993,10166.800000000001,4.99987,2.2015e-08,71,0
525,9528.599999999993,10166.800000000001,4.99938,-1.862e-09,71,0
526,9522.399999999992,10147.800000000001,4.99976,-2.4859e-08,72,0
527,9522.399999999992,10147.800000000001,5.00023,2.946e-09,72,0
528,9522.399999999992,10147.800000000001,4.99963,2.8201e-08,72,0
529,9522.399999999992,10147.800000000001,4.99941,-1.0024e-08,72,0
530,9522.399999999992,10147.800000000001,4.99979,-2.72e-08,72,0
531,9522.399999999992,10147.800000000001,5.00024,1.2252e-08,72,0
532,9522.399999999992,10147.800000000001,4.9994,2.3803e-08,72,0
533,9522.399999999992,10147.800000000001,4.99967,-1.3937e-08,72,0
534,9522.399999999992,10128.6,4.99987,-2.7438e-08,72,0
535,9516.799999999992,10128.6,5.00019,1.6443e-08,73,0
536,9516.799999999992,10128.6,4.99955,1.6148e-08,73,0
537,9516.799999999992,10128.6,4.99961,-1.6373e-08,73,0
538,9516.799999999992,10128.6,5.00022,-2.4005e-08,73,0
539,9516.799999999992,10128.6,5.00016,2.0666e-08,73,0
540,9516.799999999992,10128.6,4.99973,1.3463e-08,73,0
541,9516.799999999992,10128.6,4.99983,-2.0828e-08,73,0
542,9511.999999999993,10109.2,5.00033,-2.157e-08,74,0
543,9511.999999999993,10109.2,4.99996,2.7222e-08,74,0
544,9511.999999999993,10109.2,4.99971,7.177e-09,74,0
545,9511.999999999993,10109.2,4.99969,-2.4087e-08,74,0
546,9511.999999999993,10109.2,5.0002,-1.0175e-08,74,0
547,9511.999999999993,10109.2,5.00014,3.0069e-08,74,0
548,9511.999999999993,10109.2,4.99952,5.185e-09,74,0
549,9511.999999999993,10109.2,4.99988,-2.3061e-08,74,0
550,9507.999999999993,10109.2,5.00048,5.78e-10,74,0
551,9507.999999999993,10089.6,4.99971,3.8279e-08,75,0
552,9507.999999999993,10089.6,4.9995,-3.141e-09,75,0
553,9507.999999999993,10089.6,4.99967,-2.679e-08,75,0
554,9507.999999999993,10089.6,5.00028,6.232e-09,75,0
555,9507.999999999993,10089.6,4.99951,2.6566e-08,75,0
556,9507.999999999993,10089.6,4.99945,-1.1819e-08,75,0
557,9507.999999999993,10089.6,4.99982,-2.7681e-08,75,0
558,9504.799999999992,10069.800000000001,5.00016,1.849e-08,76,0
559,9504.799999999992,10069.800000000001,4.99952,1.6392e-08,76,0
560,9504.799999999992,10069.800000000001,4.99962,-1.0749e-08,76,0
561,9504.799999999992,10069.800000000001,5.00008,-2.6293e-08,76,0
562,9504.799999999992,10069.800000000001,5.00011,1.9242e-08,76,0
563,9504.799999999992,10069.800000000001,4.9996,1.3864e-08,76,0
564,9504.799999999992,10069.800000000001,4.99956,-1.6922e-08,76,0
565,9502.599999999991,10050.000000000002,5.00027,-1.9169e-08,77,0
566,9502.599999999991,10050.000000000002,5.00012,2.8039e-08,77,0
567,9502.599999999991,10050.000000000002,4.99973,7.108e-09,77,0
568,9502.599999999991,10050.000000000002,4.99975,-2.4832e-08,77,0
569,9502.599999999991,10050.000000000002,5.00041,-1.3013e-08,77,0
570,9502.599999999991,10050.000000000002,5.00017,2.9985e-08,77,0
571,9502.599999999991,10050.000000000002,4.99981,9.383e-09,77,0
572,9500.99999999999,10050.000000000002,4.99978,-2.4234e-08,77,0
573,9500.99999999999,10030.000000000002,5.00045,-4.544e-09,78,0
574,9500.99999999999,10030.000000000002,4.99986,3.2328e-08,78,0
575,9500.99999999999,10030.000000000002,4.99957,1.876e-09,78,0
576,9500.99999999999,10030.000000000002,4.99977,-2.6114e-08,78,0
577,9500.99999999999,10030.000000000002,5.00025,3.194e-09,78,0
578,9500.99999999999,10030.000000000002,4.99965,2.9863e-08,78,0
579,9500.99999999999,10030.000000000002,4.99947,-6.399e-09,78,0
580,9500.99999999999,10030.000000000002,4.99968,-2.8182e-08,78,0
581,9500.99999999999,10030.000000000002,5.0003,1.0178e-08,78,0
582,9500.199999999992,10010.000000000002,4.9993,2.3083e-08,79,0
583,9500.199999999992,10010.000000000002,4.99954,-1.0246e-08,79,0
584,9500.199999999992,10010.000000000002,4.99983,-2.8219e-08,79,0
585,9500.199999999992,10010.000000000002,5.00023,1.41e-08,79,0
586,9500.199999999992,10010.000000000002,4.99952,1.8043e-08,79,0
587,9500.199999999992,10010.000000000002,4.99954,-1.3554e-08,79,0
588,9500.199999999992,10010.000000000002,5.00012,-2.4762e-08,79,0
589,9500.199999999992,10010.000000000002,5.00018,2.1235e-08,79,0
590,9500.199999999992,9990.000000000002,4.99974,1.501e-08,80,0
591,9500.199999999992,9990.000000000002,4.99975,-1.963e-08,80,0
592,9500.199999999992,9990.000000000002,5.00031,-1.7667e-08,80,0
593,9500.199999999992,9990.000000000002,4.99996,3.0662e-08,80,0
594,9500.199999999992,9990.000000000002,4.99976,1.4642e-08,80,0
595,9500.199999999992,9990.000000000002,4.99972,-2.2646e-08,80,0
596,9500.199999999992,9990.000000000002,5.00031,-1.0201e-08,80,0
597,9500.199999999992,9990.000000000002,5.00007,3.2791e-08,80,0
598,9500.199999999992,9990.000000000002,4.99963,5.45e-09,80,0
599,9500.99999999999,9970.000000000002,4.99969,-2.6357e-08,81,0
600,9500.99999999999,9970.000000000002,5.00026,-3.36e-09,81,0
601,9500.99999999999,9970.000000000002,5.0,3.3772e-08,81,0
602,9500.99999999999,9970.000000000002,4.99953,-3.313e-09,81,0
603,9500.99999999999,9970.000000000002,4.99981,-2.495e-08,81,0
604,9500.99999999999,9970.000000000002,4.9992,1.4168e-08,81,0
605,9500.99999999999,9970.000000000002,4.99955,2.7547e-08,81,0
606,9500.99999999999,9970.000000000002,4.99938,-6.247e-09,81,0
607,9502.599999999991,9970.000000000002,4.99973,-2.8822e-08,81,0
608,9502.599999999991,9950.000000000002,5.0002,1.4023e-08,82,0
609,9502.599999999991,9950.000000000002,4.99961,1.8449e-08,82,0
610,9502.599999999991,9950.000000000002,4.9996,-1.4072e-08,82,0
611,9502.599999999991,9950.000000000002,5.00005,-2.6896e-08,82,0
612,9502.599999999991,9950.000000000002,5.00022,1.9937e-08,82,0
613,9502.599999999991,9950.000000000002,4.9997,1.5465e-08,82,0
614,9502.599999999991,9950.000000000002,4.99958,-1.8353e-08,82,0
615,9504.799999999992,9930.200000000003,5.00029,-1.9611e-08,83,0
616,9504.799999999992,9930.200000000003,4.99998,2.544e-08,83,0
617,9504.799999999992,9930.200000000003,4.9998,1.1371e-08,83,0
618,9504.799999999992,9930.200000000003,4.99972,-2.0829e-08,83,0
619,9504.799999999992,9930.200000000003,5.00027,-1.3368e-08,83,0
620,9504.799999999992,9930.200000000003,5.00012,2.9491e-08,83,0
621,9504.799999999992,9930.200000000003,4.99959,6.323e-09,83,0
622,9507.999999999993,9910.400000000003,4.99987,-2.5545e-08,84,0
623,9507.999999999993,9910.400000000003,5.00045,-6.652e-09,84,0
624,9507.999999999993,9910.400000000003,4.99985,3.3657e-08,84,0
625,9507.999999999993,9910.400000000003,4.99953,4.049e-09,84,0
626,9507.999999999993,9910.400000000003,4.99978,-2.4136e-08,84,0
627,9507.999999999993,9910.400000000003,5.00021,2.823e-09,84,0
628,9507.999999999993,9910.400000000003,4.9996,2.8315e-08,84,0
629,9511.999999999993,9910.400000000003,4.99942,-3.363e-09,84,0
630,9511.999999999993,9890.800000000003,-0.00044,2.99987e-07,85,0
631,9511.999999999993,9890.800000000003,-0.00056,2.99986e-07,85,0
632,9511.999999999993,9890.800000000003,-0.00041,2.99987e-07,85,0
633,9511.999999999993,9890.800000000003,-0.00049,2.99987e-07,85,0
634,9511.999999999993,9890.800000000003,-0.00033,2.99988e-07,85,0
635,9511.999999999993,9890.800000000003,-0.00061,2.99986e-07,85,0
636,9511.999999999993,9890.800000000003,-0.0004,2.99978e-07,85,0
637,9511.999999999993,9890.800000000003,-0.00053,2.99987e-07,85,0
638,9516.799999999992,9871.400000000003,-0.00033,2.99986e-07,86,0
639,9516.799999999992,9871.400000000003,-0.00047,2.99987e-07,86,0
640,9516.799999999992,9871.400000000003,-0.00032,2.99985e-07,86,0
641,9516.799999999992,9871.400000000003,-0.00044,2.99986e-07,86,0
642,9516.799999999992,9871.400000000003,-0.00029,2.99986e-07,86,0
643,9516.799999999992,9871.400000000003,-0.00054,2.99988e-07,86,0
644,9516.799999999992,9871.400000000003,-0.00031,2.99985e-07,86,0
645,9516.799999999992,9871.400000000003,-0.00028,2.99986e-07,86,0
646,9522.399999999992,9852.200000000003,-0.0003,2.99987e-07,87,0
647,9522.399999999992,9852.200000000003,-0.00036,2.99985e-07,87,0
648,9522.399999999992,9852.200000000003,-0.00039,2.99986e-07,87,0
649,9522.399999999992,9852.200000000003,-0.0003,2.99986e-07,87,0
650,9522.399999999992,9852.200000000003,-0.00034,2.99985e-07,87,0
651,9522.399999999992,9852.200000000003,-0.00039,2.99987e-07,87,0
652,9522.399999999992,9852.200000000003,-0.00029,2.99986e-07,87,0
653,9522.399999999992,9852.200000000003,-0.0003,2.99987e-07,87,0
654,9528.599999999993,9852.200000000003,-0.00032,2.99987e-07,87,0
655,9528.599999999993,9833.200000000003,-0.0003,2.99986e-07,88,0
656,9528.599999999993,9833.200000000003,-0.0005,2.99987e-07,88,0
657,9528.599999999993,9833.200000000003,-0.00037,2.99987e-07,88,0
658,9528.599999999993,9833.200000000003,-0.00042,2.99986e-07,88,0
659,9528.599999999993,9833.200000000003,-0.00036,2.99988e-07,88,0
660,9528.599999999993,9833.200000000003,-0.00037,2.99985e-07,88,0
661,9528.599999999993,9833.200000000003,-0.00038,2.99986e-07,88,0
662,9535.799999999994,9814.400000000003,-0.00065,2.99987e-07,89,0
663,9535.799999999994,9814.400000000003,-0.00025,2.99987e-07,89,0
664,9535.799999999994,9814.400000000003,-0.00053,2.99986e-07,89,0
665,9535.799999999994,9814.400000000003,-0.00034,2.99987e-07,89,0
666,9535.799999999994,9814.400000000003,-0.00045,2.99987e-07,89,0
667,9535.799999999994,9814.400000000003,-0.00033,2.99987e-07,89,0
668,9535.799999999994,9814.400000000003,-0.00042,2.99987e-07,89,0
669,9543.399999999994,9796.000000000004,-0.00033,2.99987e-07,90,0
670,9543.399999999994,9796.000000000004,-0.00036,2.99986e-07,90,0
671,9543.399999999994,9796.000000000004,-0.00027,2.99986e-07,90,0
672,9543.399999999994,9796.000000000004,-0.0004,2.99987e-07,90,0
673,9543.399999999994,9796.000000000004,-0.00035,2.99987e-07,90,0
674,9543.399999999994,9796.000000000004,-0.0005,2.99986e-07,90,0
675,9543.399999999994,9796.000000000004,-0.00042,2.99986e-07,90,0
676,9551.999999999995,9778.000000000004,-0.00032,2.99986e-07,91,0
677,9551.999999999995,9778.000000000004,-0.00037,2.99985e-07,91,0
678,9551.999999999995,9778.000000000004,-0.00056,2.99985e-07,91,0
679,9551.999999999995,9778.000000000004,-0.00053,2.99985e-07,91,0
680,9551.999999999995,9778.000000000004,-0.00043,2.99986e-07,91,0
681,9551.999999999995,9778.000000000004,-0.00053,2.99987e-07,91,0
682,9551.999999999995,9778.000000000004,-0.00016,2.99987e-07,91,0
683,9551.999999999995,9778.000000000004,-0.00061,2.99985e-07,91,0
684,9561.199999999995,9760.200000000004,-0.00034,2.99986e-07,92,0
685,9561.199999999995,9760.200000000004,-0.00054,2.99986e-07,92,0
686,9561.199999999995,9760.200000000004,-0.00034,2.99985e-07,92,0
687,9561.199999999995,9760.200000000004,-0.0004,2.99986e-07,92,0
688,9561.199999999995,9760.200000000004,-0.00059,2.99986e-07,92,0
689,9561.199999999995,9760.200000000004,-0.00049,2.99986e-07,92,0
690,9561.199999999995,9760.200000000004,-0.00034,2.99985e-07,92,0
691,9571.199999999995,9742.800000000005,-0.00043,2.99986e-07,93,0
692,9571.199999999995,9742.800000000005,-0.00024,2.99986e-07,93,0
693,9571.199999999995,9742.800000000005,-0.00042,2.99985e-07,93,0
694,9571.199999999995,9742.800000000005,-0.00038,2.99985e-07,93,0
695,9571.199999999995,9742.800000000005,-0.00028,2.99987e-07,93,0
696,9571.199999999995,9742.800000000005,-0.0003,2.99986e-07,93,0
697,9581.799999999996,9742.800000000005,-0.00066,2.99986e-07,93,0
698,9581.799999999996,9725.800000000005,-0.00037,2.99985e-07,94,0
699,9581.799999999996,9725.800000000005,-0.00031,2.99986e-07,94,0
700,9581.799999999996,9725.800000000005,-0.00033,2.99986e-07,94,0
701,9581.799999999996,9725.800000000005,-0.00036,2.99986e-07,94,0
702,9581.799999999996,9725.800000000005,-0.00036,2.99986e-07,94,0
703,9581.799999999996,9725.800000000005,-0.00038,2.99987e-07,94,0
704,9593.199999999995,9709.400000000005,-0.00045,2.99986e-07,95,0
705,9593.199999999995,9709.400000000005,-0.00058,2.99986e-07,95,0
706,9593.199999999995,9709.400000000005,-0.00047,2.99987e-07,95,0
707,9593.199999999995,9709.400000000005,-0.00027,2.99987e-07,95,0
708,9593.199999999995,9709.400000000005,-0.0004,2.99987e-07,95,0
709,9593.199999999995,9709.400000000005,-0.00035,2.99985e-07,95,0
710,9593.199999999995,9709.400000000005,-0.00039,2.99986e-07,95,0
711,9605.199999999995,9693.400000000005,-0.00041,2.99985e-07,96,0
712,9605.199999999995,9693.400000000005,-0.00058,2.99986e-07,96,0
713,9605.199999999995,9693.400000000005,-0.00024,2.99985e-07,96,0
714,9605.199999999995,9693.400000000005,-0.0003,2.99985e-07,96,0
715,9605.199999999995,9693.400000000005,-0.00024,2.99985e-07,96,0
716,9605.199999999995,9693.400000000005,-0.00028,2.99987e-07,96,0
717,9617.599999999995,9693.400000000005,-0.00036,2.99985e-07,96,0
718,9617.599999999995,9677.800000000005,-0.00045,2.99987e-07,97,0
719,9617.599999999995,9677.800000000005,-0.00033,2.99986e-07,97,0
720,9617.599999999995,9677.800000000005,-0.00041,2.99986e-07,97,0
721,9617.599999999995,9677.800000000005,-0.00043,2.99985e-07,97,0
722,9617.599999999995,9677.800000000005,-0.00033,2.99986e-07,97,0
723,9617.599999999995,9677.800000000005,-0.00031,2.99987e-07,97,0
724,9630.799999999996,9662.800000000005,-0.00027,2.99986e-07,98,0
725,9630.799999999996,9662.800000000005,-0.00038,2.99986e-07,98,0
726,9630.799999999996,9662.800000000005,-0.00045,2.99986e-07,98,0
727,9630.799999999996,9662.800000000005,-0.00041,2.99985e-07,98,0
728,9630.799999999996,9662.800000000005,-0.00036,2.99986e-07,98,0
729,9630.799999999996,9662.800000000005,-0.00046,2.99986e-07,98,0
730,9644.599999999995,9648.200000000004,-0.00027,2.99986e-07,99,0
731,9644.599999999995,9648.200000000004,-0.0005,2.99987e-07,99,0
732,9644.599999999995,9648.200000000004,-0.00036,2.99986e-07,99,0
733,9644.599999999995,9648.200000000004,0.00017,2.9998e-07,99,0
734,9644.599999999995,9648.200000000004,-0.00032,2.99986e-07,99,0
735,9644.599999999995,9648.200000000004,5.00024,3.2248e-08,99,0
736,9644.599999999995,9648.200000000004,-0.0009,2.99922e-07,99,0
737,9644.599999999995,9648.200000000004,4.9995,-1.4172e-08,99,0
738,9658.999999999995,9634.200000000004,5.00032,-2.2976e-08,100,0
739,9658.999999999995,9634.200000000004,5.00013,2.866e-08,100,0
740,9658.999999999995,9634.200000000004,4.99976,1.5736e-08,100,0
741,9658.999999999995,9634.200000000004,4.99961,-1.8235e-08,100,0
742,9658.999999999995,9634.200000000004,5.00031,-1.5786e-08,100,0
743,9658.999999999995,9634.200000000004,5.00021,3.0807e-08,100,0
744,9673.999999999995,9621.000000000004,4.99972,1.0723e-08,101,0
745,9673.999999999995,9621.000000000004,4.99977,-2.1717e-08,101,0
746,9673.999999999995,9621.000000000004,5.0003,-6.88e-09,101,0
747,9673.999999999995,9621.000000000004,4.99993,3.2813e-08,101,0
748,9673.999999999995,9621.000000000004,4.99964,1.0163e-08,101,0
749,9673.999999999995,9621.000000000004,4.99977,-2.3115e-08,101,0
750,9689.399999999994,9621.000000000004,5.00035,1.605e-09,101,0
751,9689.399999999994,9608.200000000004,4.99986,3.0826e-08,102,0
752,9689.399999999994,9608.200000000004,4.99953,-4.31e-10,102,0
753,9689.399999999994,9608.200000000004,4.99983,-2.6417e-08,102,0
754,9689.399999999994,9608.200000000004,5.00039,8.198e-09,102,0
755,9689.399999999994,9608.200000000004,4.99956,2.6669e-08,102,0
756,9689.399999999994,9608.200000000004,4.99967,-7.545e-09,102,0
757,9705.199999999993,9596.000000000004,4.99987,-2.7511e-08,103,0
758,9705.199999999993,9596.000000000004,5.00015,1.3101e-08,103,0
759,9705.199999999993,9596.000000000004,4.99949,2.0708e-08,103,0
760,9705.199999999993,9596.000000000004,4.99961,-1.3923e-08,103,0
761,9705.199999999993,9596.000000000004,5.00006,-2.6239e-08,103,0
762,9705.199999999993,9596.000000000004,5.00022,2.0798e-08,103,0
763,9705.199999999993,9596.000000000004,4.99973,1.2754e-08,103,0
764,9721.599999999993,9584.600000000004,4.9996,-1.6696e-08,104,0
765,9721.599999999993,9584.600000000004,5.00023,-2.2262e-08,104,0
766,9721.599999999993,9584.600000000004,5.00009,2.3492e-08,104,0
767,9721.599999999993,9584.600000000004,4.99977,1.1155e-08,104,0
768,9721.599999999993,9584.600000000004,4.9997,-2.0577e-08,104,0
769,9721.599999999993,9584.600000000004,5.00025,-1.4077e-08,104,0
770,9738.599999999993,9584.600000000004,5.00001,3.0314e-08,104,0
771,9738.599999999993,9573.800000000005,4.99958,9.513e-09,105,0
772,9738.599999999993,9573.800000000005,4.99992,-2.3762e-08,105,0
773,9738.599999999993,9573.800000000005,5.00016,-9.23e-10,105,0
774,9738.599999999993,9573.800000000005,4.99994,3.1468e-08,105,0
775,9738.599999999993,9573.800000000005,4.99937,-3.1e-11,105,0
776,9738.599999999993,9573.800000000005,4.99965,-2.5444e-08,105,0
777,9755.799999999994,9563.600000000004,5.00015,5.963e-09,106,0
778,9755.799999999994,9563.600000000004,4.99954,2.2498e-08,106,0
779,9755.799999999994,9563.600000000004,4.99958,-8.1e-11,106,0
780,9755.799999999994,9563.600000000004,4.99965,-2.8053e-08,106,0
781,9755.799999999994,9563.600000000004,5.00013,1.2486e-08,106,0
782,9755.799999999994,9563.600000000004,4.99933,2.477e-08,106,0
783,9755.799999999994,9563.600000000004,4.9996,-1.1036e-08,106,0
784,9773.399999999994,9554.200000000004,4.99994,-2.7484e-08,107,0
785,9773.399999999994,9554.200000000004,5.00025,1.5661e-08,107,0
786,9773.399999999994,9554.200000000004,4.99963,1.5487e-08,107,0
787,9773.399999999994,9554.200000000004,4.99964,-1.6932e-08,107,0
788,9773.399999999994,9554.200000000004,5.00026,-2.2935e-08,107,0
789,9773.399999999994,9554.200000000004,5.00018,2.3372e-08,107,0
790,9773.399999999994,9554.200000000004,4.99979,9.972e-09,107,0
791,9773.399999999994,9554.200000000004,4.99975,-2.034e-08,107,0
792,9791.399999999994,9545.600000000004,5.0002,-1.4282e-08,108,0
793,9791.399999999994,9545.600000000004,5.00003,2.9912e-08,108,0
794,9791.399999999994,9545.600000000004,4.99967,9.977e-09,108,0
795,9791.399999999994,9545.600000000004,4.99991,-2.4133e-08,108,0
796,9791.399999999994,9545.600000000004,5.00043,-7.99e-09,108,0
797,9791.399999999994,9545.600000000004,4.99993,3.118e-08,108,0
798,9791.399999999994,9545.600000000004,4.99942,5.078e-09,108,0
799,9809.799999999994,9537.600000000004,4.99979,-2.5134e-08,109,0
800,9809.799999999994,9537.600000000004,5.0002,1.238e-09,109,0
801,9809.799999999994,9537.600000000004,4.99969,2.9494e-08,109,0
802,9809.799999999994,9537.600000000004,4.99957,-1.669e-09,109,0
803,9809.799999999994,9537.600000000004,4.99977,-2.6055e-08,109,0
804,9809.799999999994,9537.600000000004,5.00026,1.1045e-08,109,0
805,9828.399999999994,9530.400000000003,4.9995,2.6144e-08,110,0
806,9828.399999999994,9530.400000000003,4.99946,-7.904e-09,110,0
807,9828.399999999994,9530.400000000003,4.99982,-2.8916e-08,110,0
808,9828.399999999994,9530.400000000003,5.00022,1.3182e-08,110,0
809,9828.399999999994,9530.400000000003,4.99953,1.567e-08,110,0
810,9828.399999999994,9530.400000000003,4.99956,-1.6179e-08,110,0
811,9828.399999999994,9530.400000000003,5.00025,-2.4705e-08,110,0
812,9828.399999999994,9530.400000000003,5.00026,2.2044e-08,110,0
813,9828.399999999994,9530.400000000003,4.99971,1.3673e-08,110,0
814,9828.399999999994,9530.400000000003,4.99965,-1.9231e-08,110,0
815,9847.399999999994,9523.800000000003,5.00033,-1.8267e-08,111,0
816,9847.399999999994,9523.800000000003,5.00024,2.7349e-08,111,0
817,9847.399999999994,9523.800000000003,4.99964,1.1749e-08,111,0
818,9847.399999999994,9523.800000000003,4.99986,-2.4127e-08,111,0
819,9847.399999999994,9523.800000000003,5.00025,-9.38e-09,111,0
820,9847.399999999994,9523.800000000003,4.99997,2.9582e-08,111,0
821,9847.399999999994,9523.800000000003,4.9996,4.04e-09,111,0
822,9847.399999999994,9523.800000000003,4.99979,-2.5335e-08,111,0
823,9866.599999999995,9523.800000000003,5.00026,1.02e-10,111,0
824,9866.599999999995,9518.200000000003,4.99973,2.9965e-08,112,0
825,9866.599999999995,9518.200000000003,4.99935,3.14e-09,112,0
826,9866.599999999995,9518.200000000003,4.99977,-2.6969e-08,112,0
827,9866.599999999995,9518.200000000003,5.0001,1.0505e-08,112,0
828,9866.599999999995,9518.200000000003,4.99946,2.8223e-08,112,0
829,9866.599999999995,9518.200000000003,4.99942,-8.169e-09,112,0
830,9866.599999999995,9518.200000000003,4.99965,-3.1604e-08,112,0
831,9885.999999999995,9513.200000000003,5.00028,1.7961e-08,113,0
832,9885.999999999995,9513.200000000003,4.99943,1.8137e-08,113,0
833,9885.999999999995,9513.200000000003,4.99963,-1.4322e-08,113,0
834,9885.999999999995,9513.200000000003,5.00005,-2.7502e-08,113,0
835,9885.999999999995,9513.200000000003,5.00022,2.1809e-08,113,0
836,9885.999999999995,9513.200000000003,4.99978,1.2491e-08,113,0
837,9885.999999999995,9513.200000000003,4.99937,-1.9147e-08,113,0
838,9885.999999999995,9513.200000000003,5.00015,-1.8883e-08,113,0
839,9905.599999999995,9509.000000000002,5.00009,3.0399e-08,114,0
840,9905.599999999995,9509.000000000002,4.99972,1.038e-08,114,0
841,9905.599999999995,9509.000000000002,4.99959,-2.2325e-08,114,0
842,9905.599999999995,9509.000000000002,5.00037,-1.0522e-08,114,0
843,9905.599999999995,9509.000000000002,5.00007,3.2667e-08,114,0
844,9905.599999999995,9509.000000000002,4.99958,8.071e-09,114,0
845,9905.599999999995,9509.000000000002,4.99985,-2.4235e-08,114,0
846,9925.199999999995,9505.600000000002,5.00038,-3.633e-09,115,0
847,9925.199999999995,9505.600000000002,4.99988,3.2911e-08,115,0
848,9925.199999999995,9505.600000000002,4.99969,-1.99e-10,115,0
849,9925.199999999995,9505.600000000002,4.99976,-2.6892e-08,115,0
850,9925.199999999995,9505.600000000002,5.00035,6.772e-09,115,0
851,9925.199999999995,9505.600000000002,4.99961,2.9637e-08,115,0
852,9925.199999999995,9505.600000000002,4.99947,-8.248e-09,115,0
853,9925.199999999995,9505.600000000002,4.99983,-2.8115e-08,115,0
854,9944.999999999995,9503.000000000002,5.00021,1.3123e-08,116,0
855,9944.999999999995,9503.000000000002,4.99943,1.9648e-08,116,0
856,9944.999999999995,9503.000000000002,4.9996,-1.3979e-08,116,0
857,9944.999999999995,9503.000000000002,5.00013,-2.9012e-08,116,0
858,9944.999999999995,9503.000000000002,5.00032,2.0133e-08,116,0
859,9944.999999999995,9503.000000000002,4.9997,1.5021e-08,116,0
860,9944.999999999995,9503.000000000002,4.99919,-1.8002e-08,116,0
861,9964.999999999995,9501.200000000003,5.00025,-2.0516e-08,117,0
862,9964.999999999995,9501.200000000003,5.00013,2.6116e-08,117,0
863,9964.999999999995,9501.200000000003,4.99969,1.4121e-08,117,0
864,9964.999999999995,9501.200000000003,4.99968,-2.268e-08,117,0
865,9964.999999999995,9501.200000000003,5.00044,-1.5439e-08,117,0
866,9964.999999999995,9501.200000000003,4.99998,2.924e-08,117,0
867,9964.999999999995,9501.200000000003,4.99974,9.474e-09,117,0
868,9964.999999999995,9501.200000000003,4.99969,-2.5393e-08,117,0
869,9984.999999999995,9500.200000000003,5.00043,-7.076e-09,118,0
870,9984.999999999995,9500.200000000003,4.99994,3.1556e-08,118,0
871,9984.999999999995,9500.200000000003,4.99945,1.103e-09,118,0
872,9984.999999999995,9500.200000000003,4.99978,-2.6125e-08,118,0
873,9984.999999999995,9500.200000000003,5.00041,5.92e-10,118,0
874,9984.999999999995,9500.200000000003,4.99965,3.0475e-08,118,0
875,9984.999999999995,9500.200000000003,4.99962,-5.09e-09,118,0
876,9984.999999999995,9500.200000000003,4.99973,-2.9371e-08,118,0
877,10004.999999999995,9500.000000000002,5.00029,7.997e-09,119,0
878,10004.999999999995,9500.000000000002,4.99942,2.2822e-08,119,0
879,10004.999999999995,9500.000000000002,4.99946,-1.1476e-08,119,0
880,10004.999999999995,9500.000000000002,4.99985,-2.8461e-08,119,0
881,10004.999999999995,9500.000000000002,5.00012,1.7611e-08,119,0
882,10004.999999999995,9500.000000000002,4.99961,1.6979e-08,119,0
883,10004.999999999995,9500.000000000002,4.99979,-1.6355e-08,119,0
884,10024.999999999995,9500.600000000002,5.00018,-2.4845e-08,120,0
885,10024.999999999995,9500.600000000002,5.00023,2.1238e-08,120,0
886,10024.999999999995,9500.600000000002,4.99974,1.4341e-08,120,0
887,10024.999999999995,9500.600000000002,4.99969,-2.2431e-08,120,0
888,10024.999999999995,9500.600000000002,5.00031,-1.0679e-08,120,0
889,10024.999999999995,9500.600000000002,5.00002,2.6443e-08,120,0
890,10024.999999999995,9500.600000000002,4.99971,1.128e-08,120,0
891,10044.999999999995,9500.600000000002,4.99969,-2.4109e-08,120,0
892,10044.999999999995,9502.000000000002,5.00033,-1.0714e-08,121,0
893,10044.999999999995,9502.000000000002,5.00011,3.2609e-08,121,0
894,10044.999999999995,9502.000000000002,4.99955,6.891e-09,121,0
895,10044.999999999995,9502.000000000002,4.99971,-2.5164e-08,121,0
896,10044.999999999995,9502.000000000002,5.00041,9.6e-11,121,0
897,10044.999999999995,9502.000000000002,4.99983,2.7274e-08,121,0
898,10044.999999999995,9502.000000000002,4.99941,-1.291e-09,121,0
899,10064.799999999994,9504.200000000003,4.99999,-2.5995e-08,122,0
900,10064.799999999994,9504.200000000003,5.00003,6.664e-09,122,0
901,10064.799999999994,9504.200000000003,4.99942,2.5455e-08,122,0
902,10064.799999999994,9504.200000000003,4.99936,-6.563e-09,122,0
903,10064.799999999994,9504.200000000003,4.99976,-2.8286e-08,122,0
904,10064.799999999994,9504.200000000003,5.0002,1.2617e-08,122,0
905,10064.799999999994,9504.200000000003,4.99948,1.7267e-08,122,0
906,10084.599999999993,9507.200000000003,4.99951,-1.3342e-08,123,0
907,10084.599999999993,9507.200000000003,5.00013,-2.7086e-08,123,0
908,10084.599999999993,9507.200000000003,5.00027,2.3082e-08,123,0
909,10084.599999999993,9507.200000000003,4.99973,1.5894e-08,123,0
910,10084.599999999993,9507.200000000003,4.99962,-1.9694e-08,123,0
911,10084.599999999993,9507.200000000003,5.00034,-2.0173e-08,123,0
912,10084.599999999993,9507.200000000003,5.0,2.884e-08,123,0
913,10104.199999999993,9507.200000000003,4.99971,1.1529e-08,123,0
914,10104.199999999993,9511.000000000002,4.99974,-2.4402e-08,124,0
915,10104.199999999993,9511.000000000002,5.00026,-1.0862e-08,124,0
916,10104.199999999993,9511.000000000002,4.99996,3.033e-08,124,0
917,10104.199999999993,9511.000000000002,4.99955,6.378e-09,124,0
918,10104.199999999993,9511.000000000002,4.99982,-2.3697e-08,124,0
919,10104.199999999993,9511.000000000002,5.0002,-6.2e-10,124,0
920,10104.199999999993,9511.000000000002,4.9998,3.12e-08,124,0
921,10123.799999999994,9515.600000000002,4.99946,1.007e-09,125,0
922,10123.799999999994,9515.600000000002,4.99982,-2.4505e-08,125,0
923,10123.799999999994,9515.600000000002,5.00036,7.137e-09,125,0
924,10123.799999999994,9515.600000000002,4.99955,2.741e-08,125,0
925,10123.799999999994,9515.600000000002,4.99952,-7.112e-09,125,0
926,10123.799999999994,9515.600000000002,4.99983,-2.7398e-08,125,0
927,10123.799999999994,9515.600000000002,5.00025,1.2602e-08,125,0
928,10123.799999999994,9515.600000000002,4.9994,2.003e-08,125,0
929,10142.999999999995,9520.800000000003,4.99948,-1.4708e-08,126,0
930,10142.999999999995,9520.800000000003,5.00009,-2.6271e-08,126,0
931,10142.999999999995,9520.800000000003,5.00029,1.8291e-08,126,0
932,10142.999999999995,9520.800000000003,4.99969,1.4142e-08,126,0
933,10142.999999999995,9520.800000000003,4.99954,-2.0286e-08,126,0
934,10142.999999999995,9520.800000000003,5.00023,-2.3319e-08,126,0
935,10142.999999999995,9520.800000000003,5.0002,2.8168e-08,126,0
936,10142.999999999995,9520.800000000003,4.99972,1.2851e-08,126,0
937,10142.999999999995,9520.800000000003,4.9997,-2.3809e-08,126,0
938,10142.999999999995,9520.800000000003,5.00039,-1.3919e-08,126,0
939,10162.199999999995,9527.000000000004,4.99998,3.1788e-08,127,0
940,10162.199999999995,9527.000000000004,4.99955,6.533e-09,127,0
941,10162.199999999995,9527.000000000004,4.99978,-2.6377e-08,127,0
942,10162.199999999995,9527.000000000004,5.00045,-5.068e-09,127,0
943,10162.199999999995,9527.000000000004,4.99997,3.2491e-08,127,0
944,10162.199999999995,9527.000000000004,4.9994,1.839e-09,127,0
945,10162.199999999995,9527.000000000004,4.9997,-2.6906e-08,127,0
946,10162.199999999995,9527.000000000004,5.00025,3.347e-09,127,0
947,10162.199999999995,9527.000000000004,4.99967,3.1155e-08,127,0
948,10180.799999999996,9533.800000000003,4.99943,-3.564e-09,128,0
949,10180.799999999996,9533.800000000003,4.99972,-2.7052e-08,128,0
950,10180.799999999996,9533.800000000003,5.00018,6.409e-09,128,0
951,10180.799999999996,9533.800000000003,4.99933,2.0852e-08,128,0
952,10180.799999999996,9533.800000000003,4.99955,-1.0697e-08,128,0
953,10180.799999999996,9533.800000000003,4.99988,-3.1385e-08,128,0
954,10180.799999999996,9533.800000000003,5.00017,1.7556e-08,128,0
955,10180.799999999996,9533.800000000003,4.99958,1.7397e-08,128,0
956,10199.399999999996,9541.400000000003,4.9997,-1.6463e-08,129,0
957,10199.399999999996,9541.400000000003,5.00029,-2.4741e-08,129,0
958,10199.399999999996,9541.400000000003,5.00017,2.6257e-08,129,0
959,10199.399999999996,9541.400000000003,4.99975,1.2134e-08,129,0
960,10199.399999999996,9541.400000000003,4.9997,-1.9605e-08,129,0
961,10199.399999999996,9541.400000000003,5.00041,-1.7254e-08,129,0
962,10217.599999999997,9549.800000000003,5.00011,2.9723e-08,130,0
963,10217.599999999997,9549.800000000003,4.99967,1.1849e-08,130,0
964,10217.599999999997,9549.800000000003,4.99981,-2.376e-08,130,0
965,10217.599999999997,9549.800000000003,5.00028,-6.58e-09,130,0
966,10217.599999999997,9549.800000000003,4.99996,3.2134e-08,130,0
967,10217.599999999997,9549.800000000003,4.9995,2.156e-09,130,0
968,10217.599999999997,9549.800000000003,4.99969,-2.6156e-08,130,0
969,10217.599999999997,9549.800000000003,5.00025,-7.29e-10,130,0
970,10235.399999999996,9558.800000000003,4.9997,2.9598e-08,131,0
971,10235.399999999996,9558.800000000003,4.9994,1.57e-09,131,0
972,10235.399999999996,9558.800000000003,4.9997,-2.6077e-08,131,0
973,10235.399999999996,9558.800000000003,5.0003,1.0574e-08,131,0
974,10235.399999999996,9558.800000000003,4.99942,2.9082e-08,131,0
975,10235.399999999996,9558.800000000003,4.99943,-1.0419e-08,131,0
976,10235.399999999996,9558.800000000003,4.99981,-2.9337e-08,131,0
977,10252.799999999996,9568.600000000002,5.0001,1.7754e-08,132,0
978,10252.799999999996,9568.600000000002,4.99962,1.5921e-08,132,0
979,10252.799999999996,9568.600000000002,4.99948,-1.6369e-08,132,0
980,10252.799999999996,9568.600000000002,5.00026,-2.4162e-08,132,0
981,10252.799999999996,9568.600000000002,5.00023,2.1442e-08,132,0
982,10252.799999999996,9568.600000000002,4.99968,1.5678e-08,132,0
983,10252.799999999996,9568.600000000002,4.9995,-1.9262e-08,132,0
984,10269.999999999996,9579.200000000003,5.00022,-1.6431e-08,133,0
985,10269.999999999996,9579.200000000003,5.00015,2.5986e-08,133,0
986,10269.999999999996,9579.200000000003,4.99965,9.207e-09,133,0
987,10269.999999999996,9579.200000000003,4.99979,-2.1109e-08,133,0
988,10269.999999999996,9579.200000000003,5.00027,-8.964e-09,133,0
989,10269.999999999996,9579.200000000003,5.00018,2.9915e-08,133,0
990,10286.599999999997,9579.200000000003,4.99945,4.94e-10,133,0
991,10286.599999999997,9590.200000000003,4.99984,-2.119e-08,134,0
992,10286.599999999997,9590.200000000003,5.00036,-8.22e-10,134,0
993,10286.599999999997,9590.200000000003,4.99986,3.0673e-08,134,0
994,10286.599999999997,9590.200000000003,4.99945,-6.97e-10,134,0
995,10286.599999999997,9590.200000000003,4.99974,-2.9006e-08,134,0
996,10286.599999999997,9590.200000000003,5.00026,5.13e-09,134,0
997,10302.799999999997,9602.000000000002,4.99949,2.478e-08,135,0
998,10302.799999999997,9602.000000000002,4.99943,-1.0458e-08,135,0
999,10302.799999999997,9602.000000000002,4.99976,-2.7813e-08,135,0
1000,10302.799999999997,9602.000000000002,5.00033,1.5003e-08,135,0
1001,10302.799999999997,9602.000000000002,4.99948,1.6083e-08,135,0
1002,10302.799999999997,9602.000000000002,4.99961,-1.2754e-08,135,0
1003,10302.799999999997,9602.000000000002,5.0001,-2.6949e-08,135,0
1004,10318.399999999998,9614.400000000001,5.00018,2.2042e-08,136,0
1005,10318.399999999998,9614.400000000001,4.9998,1.6173e-08,136,0
1006,10318.399999999998,9614.400000000001,4.99953,-1.9824e-08,136,0
1007,10318.399999999998,9614.400000000001,5.00022,-1.6745e-08,136,0
1008,10318.399999999998,9614.400000000001,5.00005,2.1832e-08,136,0
1009,10318.399999999998,9614.400000000001,4.99977,1.1122e-08,136,0
1010,10333.599999999999,9627.600000000002,4.99982,-2.0982e-08,137,0
1011,10333.599999999999,9627.600000000002,5.00035,-1.0605e-08,137,0
1012,10333.599999999999,9627.600000000002,5.00016,2.9309e-08,137,0
1013,10333.599999999999,9627.600000000002,4.99952,6.693e-09,137,0
1014,10333.599999999999,9627.600000000002,4.99973,-2.4637e-08,137,0
1015,10333.599999999999,9627.600000000002,5.00034,-1.26e-10,137,0
1016,10333.599999999999,9627.600000000002,4.99983,2.8076e-08,137,0
1017,10348.199999999999,9641.200000000003,4.99949,6.48e-10,138,0
1018,10348.199999999999,9641.200000000003,4.99976,-2.3434e-08,138,0
1019,10348.199999999999,9641.200000000003,5.00026,5.869e-09,138,0
1020,10348.199999999999,9641.200000000003,4.99955,2.9984e-08,138,0
1021,10348.199999999999,9641.200000000003,4.99957,-7.047e-09,138,0
1022,10348.199999999999,9641.200000000003,4.99978,-2.8905e-08,138,0
1023,10348.199999999999,9641.200000000003,5.0002,1.0227e-08,138,0
1024,10362.199999999999,9655.400000000003,4.99947,2.2053e-08,139,0
1025,10362.199999999999,9655.400000000003,4.99973,-1.1805e-08,139,0
1026,10362.199999999999,9655.400000000003,5.00002,-2.7047e-08,139,0
1027,10362.199999999999,9655.400000000003,5.00015,1.8242e-08,139,0
1028,10362.199999999999,9655.400000000003,4.99957,9.249e-09,139,0
1029,10362.199999999999,9655.400000000003,4.9996,-1.6064e-08,139,0
1030,10375.8,9670.200000000003,5.00025,-2.3288e-08,140,0
1031,10375.8,9670.200000000003,5.00012,2.1459e-08,140,0
1032,10375.8,9670.200000000003,4.99973,1.2617e-08,140,0
1033,10375.8,9670.200000000003,4.99966,-2.0889e-08,140,0
1034,10375.8,9670.200000000003,5.00035,-1.4524e-08,140,0
1035,10375.8,9670.200000000003,5.00007,2.8217e-08,140,0
1036,10388.599999999999,9685.400000000003,4.99976,9.659e-09,141,0
1037,10388.599999999999,9685.400000000003,4.99976,-2.134e-08,141,0
1038,10388.599999999999,9685.400000000003,5.00033,-8.681e-09,141,0
1039,10388.599999999999,9685.400000000003,4.99992,3.2245e-08,141,0
1040,10388.599999999999,9685.400000000003,4.99956,3.81e-09,141,0
1041,10388.599999999999,9685.400000000003,4.99971,-2.337e-08,141,0
1042,10388.599999999999,9685.400000000003,5.00029,-4.52e-10,141,0
1043,10400.999999999998,9701.200000000003,4.99977,3.2367e-08,142,0
1044,10400.999999999998,9701.200000000003,4.99952,-2.79e-09,142,0
1045,10400.999999999998,9701.200000000003,4.99981,-2.4874e-08,142,0
1046,10400.999999999998,9701.200000000003,5.00049,8.627e-09,142,0
1047,10400.999999999998,9701.200000000003,4.99961,2.9e-08,142,0
1048,10400.999999999998,9701.200000000003,4.99947,-1.1159e-08,142,0
1049,10400.999999999998,9701.200000000003,4.99984,-2.9053e-08,142,0
1050,10412.599999999999,9717.600000000002,5.00021,1.5582e-08,143,0
1051,10412.599999999999,9717.600000000002,4.99944,2.0493e-08,143,0
1052,10412.599999999999,9717.600000000002,4.99949,-1.5622e-08,143,0
1053,10412.599999999999,9717.600000000002,5.00012,-2.634e-08,143,0
1054,10412.599999999999,9717.600000000002,5.00015,2.0595e-08,143,0
1055,10412.599999999999,9717.600000000002,4.99969,1.4356e-08,143,0
1056,10423.599999999999,9717.600000000002,4.99961,-1.9047e-08,143,0
1057,10423.599999999999,9734.200000000003,5.00022,-2.1977e-08,144,0
1058,10423.599999999999,9734.200000000003,5.00025,2.4324e-08,144,0
1059,10423.599999999999,9734.200000000003,4.99971,1.2776e-08,144,0
1060,10423.599999999999,9734.200000000003,4.99974,-1.9831e-08,144,0
1061,10423.599999999999,9734.200000000003,5.0003,-1.4376e-08,144,0
1062,10423.599999999999,9734.200000000003,5.00003,2.9098e-08,144,0
1063,10433.8,9751.400000000003,4.99963,6.485e-09,145,0
1064,10433.8,9751.400000000003,4.99969,-2.4649e-08,145,0
1065,10433.8,9751.400000000003,5.0004,-8.024e-09,145,0
1066,10433.8,9751.400000000003,5.00002,3.2145e-08,145,0
1067,10433.8,9751.400000000003,4.99947,3.185e-09,145,0
1068,10433.8,9751.400000000003,4.99976,-2.3645e-08,145,0
1069,10433.8,9751.400000000003,5.00047,4.668e-09,145,0
1070,10443.4,9769.000000000004,4.99973,2.8189e-08,146,0
1071,10443.4,9769.000000000004,4.99947,-4.053e-09,146,0
1072,10443.4,9769.000000000004,4.99975,-2.7926e-08,146,0
1073,10443.4,9769.000000000004,5.00032,3.548e-09,146,0
1074,10443.4,9769.000000000004,4.9994,2.3914e-08,146,0
1075,10443.4,9769.000000000004,4.99946,-6.507e-09,146,0
1076,10443.4,9769.000000000004,4.99977,-2.7801e-08,146,0
1077,10452.4,9787.000000000004,5.0003,1.4163e-08,147,0
1078,10452.4,9787.000000000004,4.99965,1.7853e-08,147,0
1079,10452.4,9787.000000000004,4.99958,-1.3618e-08,147,0
1080,10452.4,9787.000000000004,5.00022,-2.4602e-08,147,0
1081,10452.4,9787.000000000004,5.00029,2.3043e-08,147,0
1082,10452.4,9787.000000000004,4.99976,1.4632e-08,147,0
1083,10452.4,9787.000000000004,4.99965,-2.0316e-08,147,0
1084,10452.4,9787.000000000004,5.00028,-1.9406e-08,147,0
1085,10460.4,9805.200000000004,5.00018,2.5644e-08,148,0
1086,10460.4,9805.200000000004,4.99969,1.2077e-08,148,0
1087,10460.4,9805.200000000004,4.9997,-2.347e-08,148,0
1088,10460.4,9805.200000000004,5.00034,-8.737e-09,148,0
1089,10460.4,9805.200000000004,5.00008,3.1617e-08,148,0
1090,10460.4,9805.200000000004,4.99966,7.04e-09,148,0
1091,10460.4,9805.200000000004,4.99987,-2.3633e-08,148,0
1092,10468.0,9823.800000000005,5.00032,-2.77e-09,149,0
1093,10468.0,9823.800000000005,4.99985,3.2111e-08,149,0
1094,10468.0,9823.800000000005,4.99962,2.148e-09,149,0
1095,10468.0,9823.800000000005,4.99981,-2.4997e-08,149,0
1096,10468.0,9823.800000000005,5.00026,3.866e-09,149,0
1097,10468.0,9823.800000000005,4.99956,2.4827e-08,149,0
1098,10468.0,9823.800000000005,4.99948,-5.927e-09,149,0
1099,10468.0,9823.800000000005,4.99987,-2.8268e-08,149,0
1100,10468.0,9823.800000000005,5.00034,8.807e-09,149,0
1101,10468.0,9823.800000000005,4.99941,2.2314e-08,149,0
1102,10474.6,9842.600000000004,4.99949,-1.2535e-08,150,0
1103,10474.6,9842.600000000004,5.00002,-2.8645e-08,150,0
1104,10474.6,9842.600000000004,5.00016,1.6493e-08,150,0
1105,10474.6,9842.600000000004,4.99978,1.5664e-08,150,0
1106,10474.6,9842.600000000004,4.99955,-1.3538e-08,150,0
1107,10474.6,9842.600000000004,5.00019,-2.1632e-08,150,0
1108,10474.6,9842.600000000004,5.00021,6.239e-09,150,0
1109,10474.6,9842.600000000004,4.99977,1.5935e-08,150,0
1110,10474.6,9842.600000000004,4.99983,-1.8712e-08,150,0
1111,10480.6,9861.800000000005,5.00024,-1.7985e-08,151,0
1112,10480.6,9861.800000000005,5.00012,2.7234e-08,151,0
1113,10480.6,9861.800000000005,4.99976,1.1559e-08,151,0
1114,10480.6,9861.800000000005,4.99982,-2.24e-08,151,0
1115,10480.6,9861.800000000005,5.00046,-6.157e-09,151,0
1116,10480.6,9861.800000000005,5.0,2.978e-08,151,0
1117,10480.6,9861.800000000005,4.9996,5.66e-09,151,0
1118,10485.6,9881.000000000005,4.99973,-2.4099e-08,152,0
1119,10485.6,9881.000000000005,5.00028,1.07e-09,152,0
1120,10485.6,9881.000000000005,4.99982,3.1907e-08,152,0
1121,10485.6,9881.000000000005,4.99946,3.36e-10,152,0
1122,10485.6,9881.000000000005,4.99972,-2.618e-08,152,0
1123,10485.6,9881.000000000005,5.00022,3.819e-09,152,0
1124,10485.6,9881.000000000005,4.99955,2.9307e-08,152,0
1125,10485.6,9881.000000000005,4.99945,-7.841e-09,152,0
1126,10490.0,9881.000000000005,4.9998,-2.712e-08,152,0
1127,10490.0,9900.600000000006,5.00019,1.3025e-08,153,0
1128,10490.0,9900.600000000006,4.99944,2.0529e-08,153,0
1129,10490.0,9900.600000000006,4.99935,-1.284e-08,153,0
1130,10490.0,9900.600000000006,5.00009,-2.5354e-08,153,0
1131,10490.0,9900.600000000006,5.00024,2.1019e-08,153,0
1132,10490.0,9900.600000000006,4.9997,1.3483e-08,153,0
1133,10490.0,9900.600000000006,4.99963,-1.7097e-08,153,0
1134,10493.6,9920.400000000005,5.00028,-1.9909e-08,154,0
1135,10493.6,9920.400000000005,5.00029,2.2754e-08,154,0
1136,10493.6,9920.400000000005,4.99978,1.1894e-08,154,0
1137,10493.6,9920.400000000005,4.99965,-1.7064e-08,154,0
1138,10493.6,9920.400000000005,5.00029,-1.2957e-08,154,0
1139,10493.6,9920.400000000005,5.00016,1.9923e-08,154,0
1140,10493.6,9920.400000000005,4.99973,1.1111e-08,154,0
1141,10496.4,9940.200000000004,4.9997,-1.0541e-08,155,0
1142,10496.4,9940.200000000004,5.00007,-1.3653e-08,155,0
1143,10496.4,9940.200000000004,5.00015,8.116e-09,155,0
1144,10496.4,9940.200000000004,4.99975,1.5696e-08,155,0
1145,10496.4,9940.200000000004,4.99963,-1.0239e-08,155,0
1146,10496.4,9940.200000000004,5.00024,-1.2634e-08,155,0
1147,10496.4,9940.200000000004,4.99999,2.0549e-08,155,0
1148,10498.4,9960.000000000004,4.99959,6.422e-09,156,0
1149,10498.4,9960.000000000004,4.99968,-1.701e-08,156,0
1150,10498.4,9960.000000000004,5.00013,-6.847e-09,156,0
1151,10498.4,9960.000000000004,4.9997,2.1612e-08,156,0
1152,10498.4,9960.000000000004,4.99964,2.827e-09,156,0
1153,10498.4,9960.000000000004,4.99967,-2.2235e-08,156,0
1154,10498.4,9960.000000000004,5.00009,1.0985e-08,156,0
1155,10498.4,9960.000000000004,4.99943,1.6525e-08,156,0
1156,10498.4,9960.000000000004,4.99968,-1.1427e-08,156,0
1157,10499.6,9980.000000000004,4.99992,-2.3387e-08,157,0
1158,10499.6,9980.000000000004,5.00014,1.8215e-08,157,0
1159,10499.6,9980.000000000004,4.99974,1.3639e-08,157,0
1160,10499.6,9980.000000000004,4.99959,-1.8631e-08,157,0
1161,10499.6,9980.000000000004,5.00018,-1.881e-08,157,0
1162,10499.6,9980.000000000004,5.00004,2.5467e-08,157,0
1163,10499.6,9980.000000000004,4.99977,9.213e-09,157,0
1164,10499.6,9980.000000000004,4.99978,-2.1572e-08,157,0
1165,10500.0,10000.000000000004,5.00036,-1.138e-08,158,1
1166,11000.0,10000.000000000004,4.99971,-1.496e-08,160,0
1167,11000.0,10000.000000000004,4.99927,2.319e-08,160,0
1168,11000.0,10000.000000000004,5.00034,8.08e-09,160,0
1169,11000.0,10000.000000000004,4.99977,-2.3747e-08,160,0
1170,11000.0,10000.000000000004,4.99949,6.49e-09,160,0
1171,11000.0,10000.000000000004,4.99977,2.5521e-08,160,0
1172,11000.0,10000.000000000004,4.99963,1.0662e-08,160,0
1173,11000.0,10000.000000000004,5.0,2.985e-08,160,0
1174,11000.0,10000.000000000004,5.00029,-1.773e-08,160,0
1175,11000.0,10000.000000000004,4.99962,-1.9085e-08,160,0
1176,11000.0,10000.000000000004,4.99967,1.8298e-08,160,0
1177,11000.0,10000.000000000004,4.99963,-1.741e-08,160,0
1178,11000.0,10000.000000000004,4.99921,2.0082e-08,160,0
1179,11000.0,10000.000000000004,5.00026,1.0521e-08,160,0
1180,11000.0,10000.000000000004,4.99975,-2.7566e-08,160,0
1181,11000.0,10000.000000000004,5.00025,3.621e-09,160,0
1182,11000.0,10000.000000000004,4.99967,-2.6566e-08,160,0
1183,11000.0,10000.000000000004,-0.00033,2.99985e-07,160,0
1184,11000.0,10000.000000000004,-0.00041,2.99985e-07,161,0
1185,11000.0,10000.000000000004,-0.00026,2.99986e-07,161,0
1186,11000.0,10000.000000000004,-0.00051,2.99986e-07,161,0
1187,11000.0,10000.000000000004,-0.00036,2.99984e-07,161,0
1188,11000.0,10000.000000000004,-0.00043,2.99985e-07,161,0
1189,11000.0,10000.000000000004,-0.00039,2.99985e-07,161,0
1190,11000.0,10000.000000000004,-0.00034,2.99987e-07,161,0
1191,11000.0,10000.000000000004,-0.00047,2.99986e-07,161,0
1192,10999.8,10020.000000000004,-0.00039,2.99985e-07,162,0
1193,10999.8,10020.000000000004,-0.00058,2.99986e-07,162,0
1194,10999.8,10020.000000000004,-0.00046,2.99987e-07,162,0
1195,10999.8,10020.000000000004,-0.00062,2.99985e-07,162,0
1196,10999.8,10020.000000000004,-0.00044,2.99986e-07,162,0
1197,10999.8,10020.000000000004,-0.00077,2.99985e-07,162,0
1198,10999.8,10020.000000000004,-0.00038,2.99985e-07,162,0
1199,10999.199999999999,10040.000000000004,-0.0008,2.99986e-07,163,0
1200,10999.199999999999,10040.000000000004,0.09862,3.00064e-07,163,0
1201,10999.199999999999,10040.000000000004,4.9996,-1.491e-08,163,0
1202,10999.199999999999,10040.000000000004,-0.00025,2.99987e-07,163,0
1203,10999.199999999999,10040.000000000004,-0.00067,2.99986e-07,163,0
1204,10999.199999999999,10040.000000000004,-0.0003,2.99984e-07,163,0
1205,10999.199999999999,10040.000000000004,-0.00053,2.99984e-07,163,0
1206,10998.199999999999,10040.000000000004,-0.00044,2.99985e-07,163,0
1207,10998.199999999999,10060.000000000004,-0.00043,2.99985e-07,164,0
1208,10998.199999999999,10060.000000000004,-0.00024,2.99987e-07,164,0
1209,10998.199999999999,10060.000000000004,-0.00052,2.99986e-07,164,0
1210,10998.199999999999,10060.000000000004,-0.00042,2.99985e-07,164,0
1211,10998.199999999999,10060.000000000004,-0.00027,2.99984e-07,164,0
1212,10998.199999999999,10060.000000000004,-0.0003,2.99986e-07,164,0
1213,10998.199999999999,10060.000000000004,-0.00037,2.99985e-07,164,0
1214,10998.199999999999,10060.000000000004,-0.00037,2.99985e-07,164,0
1215,10996.8,10080.000000000004,-0.00041,2.99984e-07,165,0
1216,10996.8,10080.000000000004,-0.00066,2.99985e-07,165,0
1217,10996.8,10080.000000000004,-0.00055,2.99986e-07,165,0
1218,10996.8,10080.000000000004,-0.00041,2.99985e-07,165,0
1219,10996.8,10080.000000000004,-0.00041,2.99986e-07,165,0
1220,10996.8,10080.000000000004,-0.00063,2.99985e-07,165,0
1221,10996.8,10080.000000000004,-0.0003,2.99986e-07,165,0
1222,10995.0,10099.800000000003,-0.00073,2.99987e-07,166,0
1223,10995.0,10099.800000000003,-0.00036,2.99986e-07,166,0
1224,10995.0,10099.800000000003,-0.00084,2.99986e-07,166,0
1225,10995.0,10099.800000000003,-0.0004,2.99985e-07,166,0
1226,10995.0,10099.800000000003,-0.00062,2.99985e-07,166,0
1227,10995.0,10099.800000000003,-0.00049,2.99986e-07,166,0
1228,10995.0,10099.800000000003,-0.00078,2.99984e-07,166,0
1229,10992.8,10099.800000000003,-0.00038,2.99985e-07,166,0
1230,10992.8,10119.800000000003,-0.00044,2.99985e-07,167,0
1231,10992.8,10119.800000000003,-0.00054,2.99986e-07,167,0
1232,10992.8,10119.800000000003,-0.00043,2.99986e-07,167,0
1233,10992.8,10119.800000000003,-0.00039,2.99985e-07,167,0
1234,10992.8,10119.800000000003,-0.00064,2.99985e-07,167,0
1235,10992.8,10119.800000000003,-0.00048,2.99986e-07,167,0
1236,10992.8,10119.800000000003,-0.00041,2.99985e-07,167,0
1237,10990.199999999999,10139.600000000002,-0.00054,2.99984e-07,168,0
1238,10990.199999999999,10139.600000000002,-0.00049,2.99984e-07,168,0
1239,10990.199999999999,10139.600000000002,-0.00041,2.99986e-07,168,0
1240,10990.199999999999,10139.600000000002,-0.00034,2.99985e-07,168,0
1241,10990.199999999999,10139.600000000002,-0.00038,2.99987e-07,168,0
1242,10990.199999999999,10139.600000000002,-0.00044,2.99986e-07,168,0
1243,10990.199999999999,10139.600000000002,-0.00049,2.99987e-07,168,0
1244,10987.199999999999,10159.400000000001,-0.00039,2.99984e-07,169,0
1245,10987.199999999999,10159.400000000001,-0.00061,2.99987e-07,169,0
1246,10987.199999999999,10159.400000000001,-0.00048,2.99986e-07,169,0
1247,10987.199999999999,10159.400000000001,-0.00042,2.99986e-07,169,0
1248,10987.199999999999,10159.400000000001,-0.00036,2.99985e-07,169,0
1249,10987.199999999999,10159.400000000001,-0.00074,2.99987e-07,169,0
1250,10987.199999999999,10159.400000000001,-0.00059,2.99986e-07,169,0
1251,10983.8,10179.2,-0.00078,2.99985e-07,170,0
1252,10983.8,10179.2,-0.00043,2.99986e-07,170,0
1253,10983.8,10179.2,-0.0008,2.99986e-07,170,0
1254,10983.8,10179.2,-0.00056,2.99985e-07,170,0
1255,10983.8,10179.2,5.00232,2.36688e-07,170,0
1256,10983.8,10179.2,5.00026,-2.006e-08,170,0
1257,10983.8,10179.2,-0.00027,2.99985e-07,170,0
1258,10983.8,10179.2,4.99968,1.8231e-08,170,0
1259,10980.0,10198.800000000001,4.99969,-2.3811e-08,171,0
1260,10980.0,10198.800000000001,5.00043,-1.2923e-08,171,0
1261,10980.0,10198.800000000001,5.00003,3.3394e-08,171,0
1262,10980.0,10198.800000000001,4.9994,7.264e-09,171,0
1263,10980.0,10198.800000000001,4.99985,-2.6179e-08,171,0
1264,10980.0,10198.800000000001,5.00017,-3.319e-09,171,0
1265,10980.0,10198.800000000001,4.99987,3.2653e-08,171,0
1266,10975.8,10218.400000000001,4.99948,2.019e-09,172,0
1267,10975.8,10218.400000000001,4.99971,-2.5351e-08,172,0
1268,10975.8,10218.400000000001,5.00027,5.041e-09,172,0
1269,10975.8,10218.400000000001,4.99955,2.999e-08,172,0
1270,10975.8,10218.400000000001,4.99941,-6.417e-09,172,0
1271,10975.8,10218.400000000001,4.99975,-3.0459e-08,172,0
1272,10975.8,10218.400000000001,5.00035,1.323e-08,172,0
1273,10971.4,10218.400000000001,4.99952,2.283e-08,172,0
1274,10971.4,10237.800000000001,4.99964,-1.4009e-08,173,0
1275,10971.4,10237.800000000001,5.00004,-2.7149e-08,173,0
1276,10971.4,10237.800000000001,5.00021,1.8077e-08,173,0
1277,10971.4,10237.800000000001,4.99953,1.6974e-08,173,0
1278,10971.4,10237.800000000001,4.99968,-1.7299e-08,173,0
1279,10971.4,10237.800000000001,5.00026,-2.4519e-08,173,0
1280,10971.4,10237.800000000001,5.00019,2.4523e-08,173,0
1281,10971.4,10237.800000000001,4.9996,1.333e-08,173,0
1282,10966.4,10257.2,4.99959,-2.1722e-08,174,0
1283,10966.4,10257.2,5.00032,-1.9283e-08,174,0
1284,10966.4,10257.2,5.00019,2.624e-08,174,0
1285,10966.4,10257.2,4.99966,7.777e-09,174,0
1286,10966.4,10257.2,4.99987,-2.3133e-08,174,0
1287,10966.4,10257.2,5.00033,-7.943e-09,174,0
1288,10966.4,10257.2,4.99994,3.2731e-08,174,0
1289,10961.0,10276.400000000001,4.99952,7.887e-09,175,0
1290,10961.0,10276.400000000001,4.99978,-2.7787e-08,175,0
1291,10961.0,10276.400000000001,5.0003,-2.6e-11,175,0
1292,10961.0,10276.400000000001,4.99992,2.9914e-08,175,0
1293,10961.0,10276.400000000001,4.99955,-4.29e-10,175,0
1294,10961.0,10276.400000000001,4.99976,-2.7779e-08,175,0
1295,10961.0,10276.400000000001,5.00028,5.185e-09,175,0
1296,10961.0,10276.400000000001,4.99956,2.8694e-08,175,0
1297,10955.2,10295.600000000002,4.99946,-8.331e-09,176,0
1298,10955.2,10295.600000000002,4.9998,-2.7589e-08,176,0
1299,10955.2,10295.600000000002,5.00011,1.1123e-08,176,0
1300,10955.2,10295.600000000002,4.99942,2.1245e-08,176,0
1301,10955.2,10295.600000000002,4.99951,-9.578e-09,176,0
1302,10955.2,10295.600000000002,5.00006,-2.9665e-08,176,0
1303,10955.2,10295.600000000002,5.0002,1.9423e-08,176,0
1304,10955.2,10295.600000000002,4.99965,1.3628e-08,176,0
1305,10949.2,10314.800000000003,4.9996,-1.7771e-08,177,0
1306,10949.2,10314.800000000003,5.00023,-2.181e-08,177,0
1307,10949.2,10314.800000000003,5.00028,2.3811e-08,177,0
1308,10949.2,10314.800000000003,4.99973,1.4594e-08,177,0
1309,10949.2,10314.800000000003,4.99968,-2.1602e-08,177,0
1310,10949.2,10314.800000000003,5.00033,-1.5397e-08,177,0
1311,10949.2,10314.800000000003,5.00009,3.0919e-08,177,0
1312,10949.2,10314.800000000003,4.99969,7.868e-09,177,0
1313,10949.2,10314.800000000003,4.99986,-2.5665e-08,177,0
1314,10949.2,10314.800000000003,5.00042,-7.192e-09,177,0
1315,10942.6,10333.600000000002,5.00009,3.3738e-08,178,0
1316,10942.6,10333.600000000002,4.9996,4.886e-09,178,0
1317,10942.6,10333.600000000002,4.99965,-2.2497e-08,178,0
1318,10942.6,10333.600000000002,5.0003,1.246e-09,178,0
1319,10942.6,10333.600000000002,4.99975,3.1759e-08,178,0
1320,10942.6,10333.600000000002,4.99953,-5.934e-09,178,0
1321,10942.6,10333.600000000002,4.99978,-2.5954e-08,178,0
1322,10942.6,10333.600000000002,5.00037,1.0087e-08,178,0
1323,10942.6,10333.600000000002,4.99954,2.4693e-08,178,0
1324,10935.800000000001,10352.400000000001,4.99943,-1.1736e-08,179,0
1325,10935.800000000001,10352.400000000001,4.99978,-2.6699e-08,179,0
1326,10935.800000000001,10352.400000000001,5.00028,1.5325e-08,179,0
1327,10935.800000000001,10352.400000000001,4.99949,1.8449e-08,179,0
1328,10935.800000000001,10352.400000000001,4.99948,-1.6461e-08,179,0
1329,10935.800000000001,10352.400000000001,5.00021,-2.7157e-08,179,0
1330,10935.800000000001,10352.400000000001,5.00019,2.2074e-08,179,0
1331,10928.6,10371.000000000002,4.9997,1.5686e-08,180,0
1332,10928.6,10371.000000000002,4.99937,-1.8104e-08,180,0
1333,10928.6,10371.000000000002,5.0003,-2.1942e-08,180,0
1334,10928.6,10371.000000000002,5.00023,3.3136e-08,180,0
1335,10928.6,10371.000000000002,4.99971,1.2072e-08,180,0
1336,10928.6,10371.000000000002,4.99977,-2.2835e-08,180,0
1337,10928.6,10371.000000000002,5.00043,-1.1776e-08,180,0
1338,10921.0,10389.600000000002,5.00008,3.1234e-08,181,0
1339,10921.0,10389.600000000002,4.99968,2.606e-09,181,0
1340,10921.0,10389.600000000002,4.9998,-2.36e-08,181,0
1341,10921.0,10389.600000000002,5.00032,-2.198e-09,181,0
1342,10921.0,10389.600000000002,4.99958,3.2877e-08,181,0
1343,10921.0,10389.600000000002,4.99935,3.23e-10,181,0
1344,10921.0,10389.600000000002,4.99969,-2.9634e-08,181,0
1345,10921.0,10389.600000000002,5.00039,3.315e-09,181,0
1346,10913.0,10408.000000000002,4.99957,2.8991e-08,182,0
1347,10913.0,10408.000000000002,4.99947,-5.629e-09,182,0
1348,10913.0,10408.000000000002,4.99972,-2.8185e-08,182,0
1349,10913.0,10408.000000000002,5.00024,9.853e-09,182,0
1350,10913.0,10408.000000000002,4.99935,2.5583e-08,182,0
1351,10913.0,10408.000000000002,4.99953,-1.3694e-08,182,0
1352,10913.0,10408.000000000002,4.9998,-2.7762e-08,182,0
1353,10913.0,10408.000000000002,5.0002,1.8914e-08,182,0
1354,10904.6,10426.200000000003,4.99949,1.6547e-08,183,0
1355,10904.6,10426.200000000003,4.99961,-1.7162e-08,183,0
1356,10904.6,10426.200000000003,5.00019,-2.5104e-08,183,0
1357,10904.6,10426.200000000003,5.00029,2.2662e-08,183,0
1358,10904.6,10426.200000000003,4.9997,1.559e-08,183,0
1359,10904.6,10426.200000000003,4.99961,-2.0304e-08,183,0
1360,10904.6,10426.200000000003,5.0003,-1.6735e-08,183,0
1361,10904.6,10426.200000000003,5.0002,2.9881e-08,183,0
1362,10896.0,10444.200000000003,4.99969,9.127e-09,184,0
1363,10896.0,10444.200000000003,4.99972,-2.5922e-08,184,0
1364,10896.0,10444.200000000003,5.00037,-1.0522e-08,184,0
1365,10896.0,10444.200000000003,5.00009,3.2208e-08,184,0
1366,10896.0,10444.200000000003,4.99962,7.944e-09,184,0
1367,10896.0,10444.200000000003,4.99979,-2.9888e-08,184,0
1368,10896.0,10444.200000000003,5.00019,-4.13e-10,184,0
1369,10886.8,10444.200000000003,4.99967,3.3994e-08,184,0
1370,10886.8,10462.000000000002,4.9995,5.77e-10,185,0
1371,10886.8,10462.000000000002,4.99978,-2.6002e-08,185,0
1372,10886.8,10462.000000000002,5.00026,1.1397e-08,185,0
1373,10886.8,10462.000000000002,4.99962,2.8201e-08,185,0
1374,10886.8,10462.000000000002,-0.00026,2.99987e-07,185,0
1375,10886.8,10462.000000000002,-0.00036,2.99987e-07,185,0
1376,10886.8,10462.000000000002,-0.00059,2.99987e-07,185,0
1377,10877.4,10479.600000000002,-0.0005,2.99987e-07,186,0
1378,10877.4,10479.600000000002,-0.00074,2.99987e-07,186,0
1379,10877.4,10479.600000000002,-0.00016,2.99988e-07,186,0
1380,10877.4,10479.600000000002,-0.00081,2.99985e-07,186,0
1381,10877.4,10479.600000000002,-0.00039,2.99986e-07,186,0
1382,10877.4,10479.600000000002,-0.00069,2.99985e-07,186,0
1383,10867.6,10479.600000000002,-0.00037,2.99985e-07,186,0
1384,10867.6,10497.200000000003,-0.00085,2.99985e-07,187,0
1385,10867.6,10497.200000000003,-0.00032,2.99987e-07,187,0
1386,10867.6,10497.200000000003,-0.00064,2.99987e-07,187,0
1387,10867.6,10497.200000000003,-0.00033,2.99988e-07,187,0
1388,10867.6,10497.200000000003,-0.00039,2.99987e-07,187,0
1389,10867.6,10497.200000000003,-0.00035,2.99987e-07,187,0
1390,10857.6,10514.400000000003,-0.00028,2.99987e-07,188,0
1391,10857.6,10514.400000000003,-5e-05,2.99986e-07,188,0
1392,10857.6,10514.400000000003,-0.00041,2.99987e-07,188,0
1393,10857.6,10514.400000000003,-0.00029,2.99987e-07,188,0
1394,10857.6,10514.400000000003,-0.00035,2.99987e-07,188,0
1395,10857.6,10514.400000000003,-0.00041,2.99986e-07,188,0
1396,10857.6,10514.400000000003,-0.00036,2.99988e-07,188,0
1397,10847.2,10531.400000000003,-0.00027,2.99986e-07,189,0
1398,10847.2,10531.400000000003,-0.00031,2.99987e-07,189,0
1399,10847.2,10531.400000000003,-0.00035,2.99986e-07,189,0
1400,10847.2,10531.400000000003,-0.00059,2.99986e-07,189,0
1401,10847.2,10531.400000000003,-0.00036,2.99986e-07,189,0
1402,10847.2,10531.400000000003,-0.00033,2.99987e-07,189,0
1403,10847.2,10531.400000000003,-0.00056,2.99987e-07,189,0
1404,10836.400000000001,10548.200000000003,-0.00048,2.99987e-07,190,0
1405,10836.400000000001,10548.200000000003,-0.00064,2.99986e-07,190,0
1406,10836.400000000001,10548.200000000003,-0.00035,2.99987e-07,190,0
1407,10836.400000000001,10548.200000000003,-0.00076,2.99986e-07,190,0
1408,10836.400000000001,10548.200000000003,-0.00038,2.99985e-07,190,0
1409,10836.400000000001,10548.200000000003,-0.00055,2.99986e-07,190,0
1410,10836.400000000001,10548.200000000003,-0.0003,2.99986e-07,190,0
1411,10825.2,10564.800000000003,-0.00033,2.99987e-07,191,0
1412,10825.2,10564.800000000003,-0.00041,2.99987e-07,191,0
1413,10825.2,10564.800000000003,-0.0005,2.99988e-07,191,0
1414,10825.2,10564.800000000003,-0.00034,2.99987e-07,191,0
1415,10825.2,10564.800000000003,-0.00034,2.99986e-07,191,0
1416,10825.2,10564.800000000003,-0.00029,2.99987e-07,191,0
1417,10813.6,10581.200000000003,-0.00022,2.99988e-07,192,0
1418,10813.6,10581.200000000003,-0.00043,2.99987e-07,192,0
1419,10813.6,10581.200000000003,-0.00042,2.99987e-07,192,0
1420,10813.6,10581.200000000003,-0.00024,2.99988e-07,192,0
1421,10813.6,10581.200000000003,-0.00035,2.99986e-07,192,0
1422,10813.6,10581.200000000003,-0.00044,2.99986e-07,192,0
1423,10813.6,10581.200000000003,-0.0003,2.99986e-07,192,0
1424,10802.0,10597.400000000003,-0.00029,2.99987e-07,193,0
1425,10802.0,10597.400000000003,-0.00017,2.99985e-07,193,0
1426,10802.0,10597.400000000003,-0.00076,2.99986e-07,193,0
1427,10802.0,10597.400000000003,-0.00028,2.99985e-07,193,0
1428,10802.0,10597.400000000003,-0.00056,2.99986e-07,193,0
1429,10802.0,10597.400000000003,-0.00037,2.99988e-07,193,0
1430,10802.0,10597.400000000003,-0.00068,2.99984e-07,193,0
1431,10789.8,10613.400000000003,-0.00044,2.99986e-07,194,0
1432,10789.8,10613.400000000003,-0.00044,2.99987e-07,194,0
1433,10789.8,10613.400000000003,-0.00044,2.99986e-07,194,0
1434,10789.8,10613.400000000003,-0.00055,2.99985e-07,194,0
1435,10789.8,10613.400000000003,-0.00029,2.99987e-07,194,0
1436,10789.8,10613.400000000003,-0.00021,2.99987e-07,194,0
1437,10777.4,10629.000000000004,-0.00033,2.99987e-07,195,0
1438,10777.4,10629.000000000004,-0.00056,2.99988e-07,195,0
1439,10777.4,10629.000000000004,-0.00021,2.99985e-07,195,0
1440,10777.4,10629.000000000004,-0.00039,2.99987e-07,195,0
1441,10777.4,10629.000000000004,-0.00037,2.99986e-07,195,0
1442,10777.4,10629.000000000004,-0.00052,2.99987e-07,195,0
1443,10777.4,10629.000000000004,-0.0004,2.99985e-07,195,0
1444,10764.6,10644.400000000003,-0.00034,2.99985e-07,196,0
1445,10764.6,10644.400000000003,-0.00062,2.99986e-07,196,0
1446,10764.6,10644.400000000003,1.1712,2.98258e-07,196,0
1447,10764.6,10644.400000000003,4.99968,2.018e-08,196,0
1448,10764.6,10644.400000000003,4.99975,-2.6772e-08,196,0
1449,10764.6,10644.400000000003,5.00028,1.0765e-08,196,0
1450,10751.6,10659.600000000004,4.99959,3.1945e-08,197,0
1451,10751.6,10659.600000000004,-0.00051,2.99987e-07,197,0
1452,10751.6,10659.600000000004,4.99986,-2.7567e-08,197,0
1453,10751.6,10659.600000000004,5.00027,2.098e-08,197,0
1454,10751.6,10659.600000000004,4.99957,1.8615e-08,197,0
1455,10751.6,10659.600000000004,4.99972,-1.4177e-08,197,0
1456,10738.2,10659.600000000004,5.00011,-2.5668e-08,197,0
1457,10738.2,10674.600000000004,5.00028,1.7838e-08,198,0
1458,10738.2,10674.600000000004,4.99971,1.3941e-08,198,0
1459,10738.2,10674.600000000004,4.99968,-2.6507e-08,198,0
1460,10738.2,10674.600000000004,5.00036,-2.2693e-08,198,0
1461,10738.2,10674.600000000004,5.00016,2.7059e-08,198,0
1462,10738.2,10674.600000000004,4.99964,1.1063e-08,198,0
1463,10724.6,10689.200000000004,4.99976,-2.1563e-08,199,0
1464,10724.6,10689.200000000004,5.00042,-1.159e-08,199,0
1465,10724.6,10689.200000000004,5.00018,2.7714e-08,199,0
1466,10724.6,10689.200000000004,4.99963,4.083e-09,199,0
1467,10724.6,10689.200000000004,4.99968,-2.3798e-08,199,0
1468,10724.6,10689.200000000004,5.00028,-1.591e-09,199,0
1469,10710.6,10689.200000000004,5.00006,3.4112e-08,199,0
1470,10710.6,10703.600000000004,4.99946,1.119e-09,200,0
1471,10710.6,10703.600000000004,4.99972,-2.4511e-08,200,0
1472,10710.6,10703.600000000004,5.00034,5.186e-09,200,0
1473,10710.6,10703.600000000004,4.99963,2.9163e-08,200,0
1474,10710.6,10703.600000000004,4.99941,-7.613e-09,200,0
1475,10710.6,10703.600000000004,4.99974,-2.8301e-08,200,0
1476,10696.4,10703.600000000004,5.00013,1.027e-08,200,0
1477,10696.4,10717.600000000004,4.99953,2.2132e-08,201,0
1478,10696.4,10717.600000000004,4.99954,-1.0382e-08,201,0
1479,10696.4,10717.600000000004,4.99979,-2.8447e-08,201,0
1480,10696.4,10717.600000000004,5.00009,1.2118e-08,201,0
1481,10696.4,10717.600000000004,4.9998,1.9269e-08,201,0
1482,10696.4,10717.600000000004,4.9997,-2.0097e-08,201,0
1483,10682.0,10731.400000000003,5.00033,-1.9775e-08,202,0
1484,10682.0,10731.400000000003,5.00012,2.1962e-08,202,0
1485,10682.0,10731.400000000003,4.99973,1.1672e-08,202,0
1486,10682.0,10731.400000000003,4.99995,-2.3147e-08,202,0
1487,10682.0,10731.400000000003,5.00028,-1.2757e-08,202,0
1488,10682.0,10731.400000000003,5.00019,2.5566e-08,202,0
1489,10667.2,10745.000000000004,4.99969,1.0733e-08,203,0
1490,10667.2,10745.000000000004,4.99985,-1.8079e-08,203,0
1491,10667.2,10745.000000000004,5.00041,-7.971e-09,203,0
1492,10667.2,10745.000000000004,4.99995,2.2614e-08,203,0
1493,10667.2,10745.000000000004,4.99956,1.173e-09,203,0
1494,10667.2,10745.000000000004,4.99988,-1.9898e-08,203,0
1495,10667.2,10745.000000000004,5.0002,-3.213e-09,203,0
1496,10652.2,10758.200000000004,4.99972,3.2134e-08,204,0
1497,10652.2,10758.200000000004,4.99941,1.763e-09,204,0
1498,10652.2,10758.200000000004,4.99996,-2.1212e-08,204,0
1499,10652.2,10758.200000000004,5.00022,7.034e-09,204,0
1500,10652.2,10758.200000000004,4.99937,2.4406e-08,204,0
1501,10652.2,10758.200000000004,4.99953,-8.983e-09,204,0
1502,10636.800000000001,10771.000000000004,4.9998,-3.0727e-08,205,0
1503,10636.800000000001,10771.000000000004,5.00019,1.7604e-08,205,0
1504,10636.800000000001,10771.000000000004,4.99942,1.526e-08,205,0
1505,10636.800000000001,10771.000000000004,4.99955,-1.3874e-08,205,0
1506,10636.800000000001,10771.000000000004,5.00013,-2.7569e-08,205,0
1507,10636.800000000001,10771.000000000004,5.00022,2.3751e-08,205,0
1508,10636.800000000001,10771.000000000004,4.99969,1.3187e-08,205,0
1509,10621.2,10783.600000000004,4.99947,-2.0107e-08,206,0
1510,10621.2,10783.600000000004,5.00036,-2.3376e-08,206,0
1511,10621.2,10783.600000000004,5.00014,2.8226e-08,206,0
1512,10621.2,10783.600000000004,4.99961,1.2246e-08,206,0
1513,10621.2,10783.600000000004,4.99985,-2.4616e-08,206,0
1514,10621.2,10783.600000000004,5.00032,-1.0029e-08,206,0
1515,10605.400000000001,10795.800000000005,5.00016,3.3951e-08,207,0
1516,10605.400000000001,10795.800000000005,4.99953,5.184e-09,207,0
1517,10605.400000000001,10795.800000000005,4.99982,-2.234e-08,207,0
1518,10605.400000000001,10795.800000000005,5.00018,8.27e-10,207,0
1519,10605.400000000001,10795.800000000005,4.99977,3.2042e-08,207,0
1520,10605.400000000001,10795.800000000005,4.99959,-1.735e-09,207,0
1521,10605.400000000001,10795.800000000005,4.99972,-2.5837e-08,207,0
1522,10589.400000000001,10807.800000000005,5.00027,9.971e-09,208,0
1523,10589.400000000001,10807.800000000005,4.99953,2.8069e-08,208,0
1524,10589.400000000001,10807.800000000005,4.99948,-1.0124e-08,208,0
1525,10589.400000000001,10807.800000000005,4.99984,-2.8598e-08,208,0
1526,10589.400000000001,10807.800000000005,5.00024,1.8834e-08,208,0
1527,10589.400000000001,10807.800000000005,4.99933,2.0736e-08,208,0
1528,10589.400000000001,10807.800000000005,4.99975,-1.5376e-08,208,0
1529,10573.2,10819.400000000005,5.00014,-3.1446e-08,209,0
1530,10573.2,10819.400000000005,5.00021,2.3088e-08,209,0
1531,10573.2,10819.400000000005,4.99973,1.5507e-08,209,0
1532,10573.2,10819.400000000005,4.9996,-2.3337e-08,209,0
